20000,01,02
2000B,01,02,03
20041,01,02,03
20045,01,02
2004A,01
200A2,01,02
200B9,01
200E4,01
2010C,01
20122,01
2012C,01,02
2015E,01
201BB,01
201C3,01
201D9,01
201FE,01
20237,01
2024C,01
20255,01
2025B,01
20265,01
2026E,01
2027D,01
202A2,01
202A7,01
202EC,01
20318,01
2032B,01,02,03
203A7,01
203B9,01,02
203BF,01
203E8,01
203F9,01,02
203FC,01
20409,01,02,03
20457,01
2048C,01
20496,01
204CA,01
204ED,01
20509,01,02
20523,01
20525,01,02,03,04,05,06,07,08
20540,01
2054B,01,02
205EE,01
2062F,01
2065A,01,02
206A3,01
206C9,01
206E8,01
206EE,01
206F9,01
2070E,01
2071B,01
2075F,01
20807,01,02
2083A,01,02
2085E,01
2085F,01
20876,01
20886,01,02
20889,01
20895,01
208A7,01
208B9,01,02
208E5,01
20924,01
20984,01,02
20985,01
209E9,01
209EF,01,02
20A10,01
20A27,01
20A41,01
20A4A,01
20AD3,01,02
20AE4,01
20B4D,01
20B63,01
20B6F,01
20B93,01
20BB1,01
20BCC,01
20C50,01
20C74,01
20C98,01
20C9C,01
20D45,01,02
20D4A,01
20DAE,01
20DB7,01
20DB8,01
20DD4,01
20DE1,01,02
20DF0,01
20E49,01
20EDB,01
20FCB,01
20FD5,01
20FE0,01
2113B,01
21202,01
21274,01,02
21275,01
2128F,01
21299,01
212A5,01
212F3,01
2131B,01,02
21328,01
21369,01
2136E,01
21375,01
213C4,01,02
21424,01
2145E,01
2145F,01
2146D,01,02
214E4,01
21552,01
21556,01
21569,01
215B6,01
215D2,01
21606,01
21624,01
21641,01
21691,01
216B9,01
216CC,01
21706,01,02
21764,01
217B5,01
21800,01
21898,01
218EA,01
21969,01,02
2198C,01
219C8,01
219EC,01
219F1,01
219FD,01
21A0B,01,02
21A41,01
21A62,01
21A74,01
21AA2,01
21B33,01
21B36,01
21B4E,01
21B8E,01
21BCE,01
21BED,01
21C12,01
21C31,01
21C52,01
21D15,01,02
21D43,01
21D58,01
21D5E,01
21D9C,01,02
21DA1,01,02
21DE4,01
21DE5,01
21DE6,01
21DEB,01
21E62,01
21E99,01
21EAC,01
21EDF,01
21EE4,01
21F0E,01
21F19,01
21F44,01
21F76,01,02
21FD6,01
21FE7,01
21FE9,01
21FEB,01
21FEE,01,02
22029,01
22034,01
22037,01
2219F,01
221B0,01
221D4,01
22214,01
22218,01,02,03,04
2221C,01
2223B,01
22256,01
2228A,01
222AC,01
222E3,01
222EE,01
222F1,01
222FF,01
2231B,01
22325,01
22331,01,02
22341,01
223A6,01
223E4,01
22427,01
22437,01
22440,01
224ED,01
22501,01
22537,01
2254D,01
22552,01
2258F,01
225F2,01
22607,01
2264A,01
2264E,01
22672,01
22683,01
226D4,01
226F3,01,02
2276C,01
22790,01
227A1,01
227FA,01
22835,01
22841,01
22843,01
2285A,01
22886,01
22894,01
22904,01,02
22926,01
2295A,01,02
22985,01
229CC,01
22A25,01
22A37,01
22A38,01
22BF1,01
22C1D,01,02
22C72,01
22D23,01
22D3C,01
22D57,01
22D8A,01
22DD0,01
22E09,01
22E2D,01
22EE0,01
22EEC,01
22F22,01
22F3B,01
22FCC,01
22FD8,01
22FD9,01
22FE0,01
2305D,01
230B0,01
230D4,01
230E0,01
23106,01
2311E,01
23122,01
2314D,01
23196,01
231B2,01
231B3,01
231B6,01,02
231BB,01
231C3,01,02
231F8,01
23211,01,02
2325E,01
232B8,01
232DE,01
2335F,01
2336E,01
233B2,01
233B5,01
233BE,01
233C3,01
233D2,01,02
233E0,01
23408,01
23440,01
2346D,01
234AB,01
234B0,01
234C9,01
234CE,01,02
234D6,01,02
23531,01
2355A,01,02
235AD,01
235C4,01,02,03,04
23617,01
23626,01
23638,01,02
2363A,01,02,03,04,05,06
236A3,01
236AD,01
2371C,01,02,03
23726,01
2373F,01,02
2374B,01
23763,01,02
23764,01,02,03
23780,01,02
237C2,01
237E7,01,02
237F3,01
2383D,01
238A7,01
238AE,01
238BE,01
23969,01,02
23A63,01
23A74,01
23A8D,01
23AFA,01
23BAC,01
23BAF,01
23C10,01
23C47,01
23C75,01,02
23CA8,01
23CEE,01
23CF1,01
23CFE,01,02,03
23D0E,01,02,03
23D34,01,02
23D60,01
23D7D,01
23DBA,01
23DD3,01,02,03
23DF9,01,02,03
23DFA,01,02
23E06,01
23E32,01,02,03,04,05
23E35,01
23E65,01
23EAC,01
23ECC,01
23F1B,01,02,03,04,05
23F61,01
24020,01
24080,01
240A3,01
24103,01,02
24138,01
24263,01
24285,01,02
242EE,01,02,03
242F1,01
243C1,01,02
244BC,01
24510,01
24514,01
24564,01
24568,01
2459B,01,02,03
24735,01
24736,01
24772,01
24811,01
24813,01
24816,01
2492F,01
2497B,01
249BA,01
249EB,01
24BC5,01
24C1E,01,02,03
24C6B,01
24C83,01,02
24CFF,01
24D21,01
24D38,01
24E84,01
24F31,01
24F4C,01
24FA1,01
24FB4,01
25044,01
250F2,01
250F3,01
25102,01,02
25158,01
25185,01
25192,01
25220,01,02,03,04
2524C,01,02
2524F,01
254C9,01
25584,01
25607,01
25626,01
2562B,01
2562C,01
2562E,01
25630,01
2563D,01
25649,01
2564A,01
2564B,01
25651,01
2566B,01
2566E,01,02
25677,01,02
2567F,01,02
25683,01
2568A,01
25691,01
256A7,01
256B3,01
256C6,01,02
256D9,01
256DC,01
256DF,01
256F2,01
256F6,01,02
25705,01
25712,01
2571A,01,02
25726,01
25727,01,02
25755,01
25778,01
257A9,01,02,03
257B4,01,02
257CE,01
25808,01
25835,01,02
25846,01
2585E,01
25865,01
2586A,01
25875,01
25877,01,02
258B8,01,02
258EB,01
259AD,01,02
259C4,01,02,03
25A2B,01
25AA7,01
25AD4,01
25AE1,01
25B15,01
25B5F,01
25BAB,01
25BFF,01
25C4B,01,02
25C7A,01
25C80,01
25CC9,01
25CCC,01
25CCD,01
25CCF,01
25DA1,01,02
25E4F,01
25E9B,01
25E9D,01
25EB4,01
25EC2,01,02
25ED8,01,02
25EE7,01
25F6C,01
25F86,01
25F9E,01
25FDC,01
25FE9,01
26008,01
260A7,01
260C8,01
26140,01
2617B,01
261A2,01
261D7,01
261DA,01
26222,01,02,03,04
26228,01
26247,01
26270,01
26273,01
2628B,01
262D9,01
263B1,01
263C1,01,02
263F9,01
26405,01
26407,01
26408,01,02
26409,01
26410,01
26439,01
26462,01
26489,01,02,03
264B3,01
264EF,01
26503,01
26518,01
26530,01
265A2,01
26626,01
26646,01
266A8,01
266AF,01
2676B,01
267A7,01
26873,01
2688E,01
268AA,01
268AB,01
268BC,01
268FD,01
2691D,01
2693C,01
2695B,01
26973,01
26977,01
269E0,01
26A01,01
26AAD,01
26AF8,01
26B0A,01
26B14,01,02
26B19,01
26B1E,01
26B20,01,02
26B21,01
26B22,01
26B3A,01
26B73,01
26B74,01
26B75,01
26B8E,01
26BA0,01
26BCC,01
26BD5,01
26BDC,01
26C29,01,02,03,04
26C45,01
26C47,01
26C5A,01
26C64,01
26C73,01,02,03
26C8F,01,02,03
26CDD,01,02
26D09,01
26D61,01
26D65,01
26D80,01
26D85,01
26DE5,01
26E11,01
26E40,01,02,03
26E47,01
26E65,01,02
26E7E,01
26ECA,01
26F2C,01
26F2F,01,02
26F61,01
26F73,01,02
26F8F,01
26F94,01,02
26FB1,01
26FC1,01
26FC4,01
26FC5,01
26FD4,01
26FF6,01,02
26FF8,01,02
2702E,01
2702F,01
27037,01
27039,01
27088,01
270F0,01,02,03
270F4,01,02
2710D,01,02
27112,01
27139,01,02
27170,01,02
27171,01
27199,01
271D3,01,02
271D6,01
271DC,01
271FD,01
2722A,01
2729C,01
272B7,01
272DD,01
2730A,01
27354,01
27357,01
27369,01
273CA,01
273FE,01,02
27402,01
27525,01
27602,01
2760E,01
27611,01
27619,01
27667,01
27689,01
276D4,01
27701,01
27705,01
2770F,01
27741,01
27753,01
27771,01
277AA,01
277B8,01
277E4,01
277E8,01
27807,01,02
2783C,01
2789D,01
278BD,01
27966,01
279DA,01
279FC,01
27A0F,01
27A6E,01
27A76,01
27A7B,01
27A7E,01
27A81,01
27AAE,01
27AE2,01
27B27,01
27B2F,01
27B6E,01
27B87,01
27BBE,01,02
27BC6,01
27BCC,01
27BEE,01
27BFE,01
27CA8,01
27D24,01
27D2A,01
27D4D,01
27D6D,01
27DCE,01
27E19,01
27E3C,01
27E3D,01
27E79,01
27FA8,01
27FC0,01
2802E,01
28119,01
2818B,01
2836D,01
2838A,01
283CA,01
283F3,01
28432,01
2844D,01
28452,01
28453,01
28455,01,02
28464,01
28468,01
2846D,01
28482,01
28484,01
28489,01
2848C,01
284A6,01
284AB,01
284AD,01
284B0,01
284C5,01
284C9,01
284CD,01
284E4,01,02
284F1,01
284F5,01
284FD,01
28505,01
2851D,01
2851F,01
28527,01
2852B,01
2852C,01
2852F,01
28530,01
28546,01
28560,01
28563,01
28565,01
2856B,01,02,03
28582,01
28587,01
28588,01
2858A,01
285A3,01
285B6,01
285B9,01
285BB,01
285BE,01
285BF,01
285C8,01,02
285C9,01,02,03,04
285E1,01
285EA,01
285ED,01
285F1,01
285F2,01
285F4,01
28622,01
28637,01
28642,01
28644,01,02
2864E,01
28655,01
28659,01,02
2865A,01,02
2865F,01,02
2874A,01
28763,01
2880B,01
28945,01
2898D,01
289DC,01
289EE,01
28A71,01,02,03
28A8B,01
28B4E,01
28B6A,01
28B92,01
28BEF,01,02
28C0F,01
28C67,01
28CC1,01
28CDB,01
28CDD,01,02
28D02,01
28D7F,01
28D84,01
28DAE,01
28E89,01,02
28F06,01,02
28F12,01
28F41,01
28FBA,01
28FE4,01
29031,01
29093,01
2912E,01
2915E,01
2917E,01
291D5,01
291DC,01
291E3,01
2921A,01
2925E,01
29293,01
29356,01
29379,01
2941A,01
2941F,01
29420,01
29422,01
29427,01
2943F,01
2944E,01
294E8,01
29524,01
2953A,01
29548,01
295B6,01
29638,01
2965E,01
2967A,01
29682,01
29685,01
29688,01
29695,01
29696,01
296A9,01
296B9,01
296C6,01
296DE,01
296E5,01,02
296FA,01
29701,01
29706,01
29708,01
2970B,01
2970F,01,02
29715,01
29717,01
29719,01,02,03
2972F,01,02
29734,01,02
29739,01
2973F,01
29759,01
2975D,01
29780,01
29783,01
2978D,01
2978F,01
29791,01
297A1,01
297A5,01
297A7,01
297AB,01,02
297AD,01,02
297B7,01
297C4,01
297CB,01
297F1,01
297FD,01
29854,01
29858,01
2985D,01
29879,01
29894,01
2989D,01
29900,01
29918,01
2994A,01
2998B,01
29A59,01
29AB7,01
29AEF,01
29BBA,01
29C13,01
29C7F,01
29D34,01
29D49,01
29D4B,01
29D87,01
29DF8,01
29E3D,01,02,03,04
29E77,01
29E7A,01
29E8A,01,02,03
29EDB,01,02
29EE0,01
29EE1,01
29EE4,01
29FC7,01
2A02F,01,02
2A04B,01
2A061,01
2A067,01
2A0C8,01,02
2A0F9,01,02
2A1F4,01
2A291,01
2A296,01
2A2A8,01
2A301,01
2A308,01
2A333,01
2A347,01
2A352,01
2A36A,01
2A392,01
2A3B0,01
2A472,01
2A502,01,02
2A504,01
2A508,01
2A50D,01
2A54D,01
2A564,01
2A56F,01
2A585,01
2A5C7,01
2A5CD,01
2A600,01
2A61A,01
2A691,01
2A695,01
2A696,01
2A699,01
2A6A5,01
2A6AC,01