8D05,01,02,03
8D08,01,02,03
8D09,01,02
8D0A,01,02
8D0E,01,02
8D0F,01,02,03,04,05
8D10,01,02
8D11,01
8D13,01,02
8D1B,01,02,03
8D1C,01,02,03
8D67,01
8D6B,01,02
8D6D,01,02
8D70,01
8D73,01,02,03,04
8D77,01,02,03
8D82,01,02
8D99,01,02,03
8DA9,01
8DAF,01,02
8DB9,01,02,03
8DBC,01,02
8DC7,01,02
8DCB,01,02
8DD1,01,02
8DDA,01,02,03,04,05
8DDD,01,02,03
8DE4,01,02
8DE8,01,02
8DEB,01,02
8DF0,01,02
8DF3,01,02,03
FA0E,01,02
FA11,01,02,03,04
FA13,01,02
FA1F,01,02,03
FA24,01,02,03,04,05,06,07
FA27,01,02
2A746,01
2A813,01
2A9E8,01
2AB03,01
2AB87,01,02
2AC68,01
2AD03,01
2AD81,01
2AD89,01,02
2ADC2,01
2AF19,01
2AFB2,01
2B003,01,02
2B048,01
2B0E0,01
2B0EF,01
2B1FF,01
2B20C,01
2B234,01
2B2FE,01
2B30F,01
2B344,01
2B3CF,01
2B468,01
2B4BC,01
2B4C6,01
2B52D,01
2B667,01
2B741,01,02
2B742,01,02
2B743,01
2B746,01,02,03,04
2B74C,01
2B751,01,02
2B754,01
2B755,01
2B75D,01
2B762,01,02,03,04
2B763,01,02
2B764,01
2B765,01,02,03
2B76F,01
2B776,01,02
2B777,01,02,03
2B778,01,02
2B780,01
2B789,01,02,03,04
2B78E,01,02,03,04,05
2B793,01,02,03,04,05,06
2B79C,01
2B79F,01
2B7AA,01
2B7B4,01,02
2B7B9,01,02
2B7C0,01
2B7C8,01,02
2B7CB,01,02
2B7CC,01
2B7CD,01
2B7CF,01,02
2B7D0,01
2B7D2,01,02,03,04,05
2B7D6,01,02
2B7D8,01,02
2B7D9,01
2B7E8,01
2B7EA,01,02
2B7EF,01
2B81D,01
2B930,01,02
2B97B,01
2B9E4,01,02,03
2BBF1,01
2BEDB,01
2C0FE,01
2C155,01
2C737,01
2C73B,01,02,03
2C7D3,01
2CD6B,01
2CECE,01
2CED0,01
2CEDC,01
2CF18,01
2CF4C,01,02,03
2CF7A,01
2D020,01
2D028,01
2D048,01,02
2D06B,01
2D06F,01,02
2D077,01,02
2D0B2,01
2D0DA,01
2D169,01
2D186,01
2D18F,01
2D199,01
2D1A2,01
2D1AB,01
2D239,01
2D260,01,02,03
2D2DB,01
2D380,01
2D3DB,01
2D423,01
2D433,01
2D445,01
2D455,01
2D4E9,01
2D4F1,01
2D5D5,01
2D63E,01
2D64C,01,02
2D698,01
2D6B6,01,02,03,04,05
2D6DD,01
2D710,01
2D72E,01
2D733,01
2D7BE,01
2D7F1,01
2D805,01
2D886,01
2D916,01
2D918,01
2D967,01
2D997,01
2DA99,01
2DB4B,01
2DB4E,01
2DC7D,01
2DC9E,01
2DCD3,01,02,03,04
2DCEF,01
2DD44,01
2DD48,01
2DEBE,01,02
2DF3D,01
2DF41,01
2DFF5,01
2E068,01
2E0BA,01
2E0EC,01
2E152,01
2E170,01
2E284,01
2E2AB,01
2E306,01
2E307,01
2E3B0,01,02
2E3C0,01
2E43C,01
2E4D9,01
2E4DC,01
2E509,01
2E5E8,01
2E789,01
2E7D0,01
2E9C0,01
2E9CA,01
2E9D3,01
2E9F0,01
2E9F2,01
2EA41,01,02
2EB71,01
2EB79,01