8E09,01,02,03
8E2D,01
8E30,01,02
8E34,01
8E38,01,02
8E43,01
8E44,01,02
8E46,01
8E48,01,02
8E4A,01,02,03
8E4B,01,02
8E55,01,02
8E5E,01,02
8E62,01,02
8E6E,01,02
8E71,01,02
8E72,01,02,03
8E77,01,02
8E87,01,02,03
8E89,01,02
8E8D,01,02,03
8E91,01,02,03,04,05
8E9A,01,02,03
8EA1,01,02,03,04
8EAA,01,02
8EAB,01,02
8EAC,01,02
8EAF,01,02
8EB0,01,02
8EB5,01,02
8EBD,01
8EBE,01,02
8EC0,01,02
8EC4,01,02
8EC5,01,02
8EC6,01,02
8EC8,01,02
8ECC,01
8ED4,01,02,03
8EDC,01,02
8EF1,01,02
8F03,01,02,03
8F0E,01
8F13,01,02,03
8F16,01,02
8F1D,01,02,03
8F1E,01,02
8F24,01
8F29,01,02,03
8F2A,01,02
8F2F,01
8F35,01,02
8F38,01,02,03,04
8F44,01,02,03,04,05
8F49,01,02,03,04
8F4C,01,02
8F52,01,02
8F54,01,02
8F55,01,02
8F65,01,02
8F89,01
8F9B,01,02
8FA5,01,02
8FA8,01,02,03
8FAC,01
8FAD,01,02
8FB1,01,02,03
8FB4,01,02
8FB6,01,02,03,04
8FB7,01,02
8FBA,01,02
8FBB,01,02,03,04,05
8FBC,01,02,03
8FBE,01,02
8FBF,01,02,03
8FC1,01,02
8FC2,01,02,03
8FC3,01,02
8FC4,01,02,03
8FC5,01,02,03,04
8FC6,01,02,03
8FC7,01
8FCA,01,02
8FCB,01,02
8FCD,01,02
8FCE,01,02,03
8FD0,01,02
8FD1,01,02,03,04
8FD2,01,02
8FD3,01,02,03
8FD4,01,02,03,04
8FD5,01,02
8FDA,01,02
8FE0,01,02
8FE1,01
8FE2,01,02
8FE3,01,02
8FE4,01,02
8FE5,01,02
8FE6,01,02,03
8FE7,01
8FE8,01,02
8FE9,01,02,03,04
8FEA,01,02,03
8FEB,01,02,03
8FEC,01
8FED,01,02,03
8FEE,01,02
8FEF,01,02,03,04
8FF0,01,02,03,04
8FF1,01,02
8FF4,01,02
8FF5,01,02
8FF6,01,02,03
8FF7,01,02,03
8FF8,01,02
8FF9,01,02
8FFA,01,02,03,04
8FFB,01,02
8FFD,01,02,03
8FFE,01,02
8FFF,01
9000,01,02,03
9001,01,02,03
9002,01,02
9003,01,02,03,04
9004,01,02,03
9005,01,02
9006,01,02,03
9008,01,02
900B,01,02
900C,01,02
900D,01,02,03
900E,01,02,03,04,05
900F,01,02,03
9010,01,02,03,04
9011,01,02,03
9013,01,02
9014,01,02,03
9015,01,02
9016,01,02,03
9017,01,02,03
9018,01,02
9019,01,02,03
901A,01,02,03
901B,01,02
901D,01,02,03
901E,01,02,03,04,05,06
901F,01,02,03
9020,01,02,03,04
9021,01,02
9022,01,02,03,04
9023,01,02,03
9024,01
9027,01,02
9028,01,02
9029,01,02
902A,01,02
902B,01
902C,01,02
902D,01,02
902E,01,02,03
902F,01,02
9031,01,02,03
9032,01,02,03
9034,01,02
9035,01,02,03,04,05,06,07
9036,01,02
9037,01,02
9038,01,02,03,04,05,06,07,08,09
9039,01,02,03,04,05,06
903A,01,02,03
903C,01,02,03
903E,01,02,03
903F,01,02
9040,01
9041,01,02,03,04,05
9042,01,02,03,04,05,06
9043,01,02
9044,01,02
9045,01,02
9047,01,02,03,04
9049,01,02
904A,01,02,03
904B,01,02,03
904C,01,02,03
904D,01,02,03
904E,01,02,03,04
904F,01,02,03,04
9050,01,02,03,04
9051,01,02
9052,01,02,03,04,05,06,07
9053,01,02,03
9054,01,02,03,04
9055,01,02,03,04,05,06,07
9056,01,02
9058,01,02,03,04,05
9059,01,02
905B,01,02
905C,01,02,03
905D,01,02
905E,01,02
905F,01
9060,01,02,03,04
9061,01,02,03
9062,01,02,03
9063,01,02,03
9065,01,02
9066,01,02
9067,01,02
9068,01,02,03
9069,01,02,03,04
906C,01,02
906D,01,02,03
906E,01,02,03,04,05
906F,01,02,03,04,05
9070,01,02
9072,01,02,03,04
9073,01,02
9074,01,02,03,04
9075,01,02,03,04,05
9076,01,02
9077,01,02,03,04,05,06,07,08,09,0A
9078,01,02,03,04
9079,01,02
907A,01,02,03
907B,01
907C,01,02,03
907D,01,02,03,04,05
907F,01,02,03
9080,01,02,03
9081,01,02,03,04,05
9082,01,02
9083,01,02,03,04,05,06,07,08
9084,01,02,03,04
9085,01,02
9087,01,02,03,04
9088,01,02
9089,01,02,03,04,05,06,07,08,09,0A,0B,0C,0D,0E,0F,10,11,12,13,14,15,16,17,18,19,1A,1B,1C,1D,1E,1F
908A,01,02,03,04,05,06,07,08,09,0A,0B,0C,0D,0E,0F,10,11,12,13,14
908B,01,02
908C,01,02
908D,01,02
908E,01,02
908F,01,02
9090,01,02
9099,01,02
90A3,01,02,03
90A6,01,02,03,04,05,06,07,08
90A8,01,02,03,04,05,06,07
90AA,01,02,03,04,05
90AB,01,02,03
90B4,01,02
90B8,01,02
90D2,01,02
90DB,01,02
90E2,01,02,03
90E4,01,02
90F1,01
90F7,01
90FD,01,02,03
9100,01,02
9102,01,02
9115,01,02,03,04,05
9119,01,02
911A,01,02
911B,01
911E,01,02
9123,01,02
912D,01,02,03
912E,01,02
9130,01,02,03,04
9137,01,02
913D,01,02
9145,01
914B,01,02,03,04,05
914C,01,02,03
914D,01,02,03,04,05,06
9152,01,02,03
9156,01
9158,01
9162,01,02
9165,01
916A,01,02
916C,01,02
9172,01,02,03
9173,01
9175,01,02
9176,01
9177,01,02,03
9178,01,02,03
917B,01,02
9181,01,02,03
9195,01,02
919A,01
919C,01,02
91A2,01
91A4,01,02,03
91A7,01,02
91A8,01,02
91AA,01,02,03
91AB,01,02
91AC,01,02
91AF,01
91B0,01,02
91B1,01
91B4,01
91B5,01,02,03
91B7,01
91BA,01,02,03
91C0,01,02
91C1,01,02,03,04,05,06
91C7,01,02,03
91C8,01,02
91CB,01,02
91CD,01,02,03
91DC,01,02,03
91DF,01,02
91E3,01,02,03
91E9,01,02
91EB,01
91EE,01,02,03
91EF,01,02
91F5,01,02
91FC,01,02,03,04,05
91FE,01
9209,01,02
920D,01,02
9210,01,02
9212,01,02
9213,01,02,03
9227,01
9229,01,02
9234,01,02
9237,01
9238,01,02
9242,01,02
9245,01,02
924B,01,02
9252,01
925B,01,02,03,04,05
9261,01,02
9268,01,02
9278,01,02
927C,01,02,03,04
9283,01,02
9287,01
928A,01,02
928E,01,02
9293,01,02
9295,01,02
92A2,01,02
92B7,01,02
92B9,01,02
92C6,01,02
92CB,01,02
92CC,01,02,03
92D5,01,02
92D7,01,02
92D8,01,02
92DD,01,02
92E3,01,02
92E9,01,02,03,04
92EE,01,02
92EF,01
92FB,01,02
9300,01,02
9302,01,02
9304,01,02
9306,01,02,03
9308,01,02
930B,01
931A,01,02,03
9328,01,02
9335,01,02,03
933A,01,02
933F,01
9348,01,02
934F,01
9351,01,02
9354,01,02
9365,01,02,03,04
9369,01,02
936E,01,02,03,04
9373,01,02,03
9375,01,02,03
9379,01
938B,01,02,03
938C,01,02,03
9396,01,02,03
939A,01,02,03
93A1,01,02,03,04,05
93A6,01,02
93AC,01,02
93AD,01,02
93AE,01
93AF,01
93B0,01,02,03
93B9,01,02,03,04,05
93BA,01,02
93C5,01,02
93C6,01,02
93C8,01,02
93CC,01,02
93D0,01,02
93D1,01,02
93D3,01,02
93DD,01
93DE,01,02,03,04
93E0,01
93E1,01,02
93F3,01,02
93F5,01,02
93F9,01,02
93FB,01,02
9404,01,02
9414,01,02
9415,01,02,03
9416,01,02,03
9418,01,02
9429,01,02
942A,01
942E,01,02
942F,01,02
9435,01,02,03
9439,01
943A,01
943B,01,02
9441,01,02
944A,01,02
944C,01,02
9452,01,02
9453,01,02,03
9457,01
945B,01,02,03,04,05
945F,01,02
946E,01,02,03
9470,01,02
9471,01,02
9474,01
9475,01,02
9476,01,02
9477,01,02,03,04
9484,01,02
958B,01,02,03
9592,01,02,03
9594,01,02
95A1,01,02
95A2,01,02
95AB,01,02,03
95AD,01,02
95BB,01,02,03
95BC,01,02,03
95C7,01,02
95C8,01,02
95C9,01,02
95CD,01,02,03
95D0,01,02,03
95D2,01,02
95E4,01,02
95E5,01,02
95E8,01,02
962A,01
9646,01
964D,01,02,03,04
9654,01,02
9657,01,02
965F,01,02
9675,01,02
9676,01,02
9677,01,02
967B,01,02
967F,01,02
9681,01,02
9682,01,02
9683,01,02
9686,01,02,03,04,05,06
968A,01,02,03,04
9692,01
9694,01,02,03
9698,01,02,03,04,05,06
9699,01,02,03
969C,01,02
96A0,01,02
96A3,01,02,03,04,05
96A7,01,02,03,04,05
96A8,01,02
96AA,01,02
96B1,01,02
96B2,01
96B4,01,02
96B6,01,02,03,04
96B9,01,02
96BB,01,02,03
96C5,01,02,03,04,05
96C7,01,02,03
96CC,01,02
96CD,01,02
96D5,01,02
96D8,01,02,03,04
96D9,01,02,03
96DA,01,02,03,04
96E2,01,02
96E3,01,02,03,04,05,06,07,08
96E8,01,02,03
96E9,01,02
96EA,01,02,03,04,05
96EF,01,02
96F0,01,02,03
96F7,01,02
96F9,01,02
9704,01,02
9706,01,02,03,04
9707,01,02
970C,01
9713,01,02
9719,01,02
9721,01,02,03,04
9724,01,02,03
972A,01,02
972E,01
9736,01,02
973D,01
9744,01,02,03
9746,01,02
9747,01,02,03
9748,01,02,03
9749,01,02
9755,01,02,03,04,05
9756,01,02,03
9757,01,02
9758,01,02
9759,01,02,03,04,05,06
975A,01,02,03
975B,01,02
975C,01,02,03,04,05,06,07,08,09
975D,01
975E,01,02
9760,01,02,03,04,05,06,07
9761,01,02
9764,01,02
9769,01,02
976B,01,02
976D,01,02,03,04,05,06
9771,01,02,03,04,05,06
9774,01,02,03
9778,01,02
9779,01,02
977E,01
9784,01,02,03
9786,01,02
978F,01,02
9798,01,02,03
979A,01,02
97A8,01,02,03
97AD,01,02,03
97B3,01,02
97B8,01,02,03
97BE,01,02
97BF,01,02
97C3,01,02
97C4,01,02
97C6,01,02,03,04,05
97C8,01,02,03,04,05,06
97C9,01,02
97CA,01,02
97CB,01,02,03
97CC,01,02,03,04
97CD,01,02
97CE,01,02
97D0,01,02
97D1,01,02,03,04
97D3,01,02,03,04,05
97D4,01,02
97D7,01,02
97D8,01,02
97D9,01,02
97DB,01,02
97DC,01,02,03,04
97DD,01,02
97DE,01,02,03,04,05
97E0,01,02,03
97E1,01,02,03
97E4,01,02,03
97EE,01,02
97F0,01
97F1,01,02
97F3,01,02,03
97F5,01,02
97F6,01,02
97F9,01
97FA,01,02,03,04
97FB,01,02,03
97FF,01,02,03,04,05,06,07,08,09,0A
9800,01,02,03
9803,01,02
9804,01,02
980B,01
980C,01,02,03
9811,01,02,03
9812,01,02,03
9813,01,02,03,04
9816,01,02
9819,01,02
9820,01,02
9824,01,02,03
9829,01
9832,01,02,03
983B,01,02,03
9841,01
9844,01,02
9848,01
984E,01,02
9852,01,02
9858,01,02
985B,01,02
985E,01,02,03,04
9867,01,02,03
9870,01,02
9873,01,02,03,04
9874,01,02
98B6,01,02
98BE,01
98C3,01
98DE,01
98DF,01,02,03,04
98E2,01,02,03,04
98E3,01,02
98E4,01
98E6,01,02,03
98E9,01,02
98EA,01,02
98EB,01,02,03
98EC,01,02
98ED,01,02,03
98EF,01,02,03,04
98F4,01,02,03
98F5,01
98F6,01,02
98FB,01
98FC,01,02,03
98FD,01,02,03,04
98FE,01,02,03
9901,01
9902,01,02
9903,01,02,03,04
9905,01,02,03,04
9908,01,02
9909,01,02,03
990A,01,02,03,04,05
990C,01,02,03,04,05,06,07,08,09
9910,01,02,03
9911,01,02
9912,01,02,03
9913,01,02,03
9914,01,02
9915,01,02,03
9916,01,02
9917,01,02
9918,01,02
991A,01,02
991B,01,02
991C,01,02
991D,01,02,03
991E,01,02
991F,01,02
9920,01,02
9921,01,02,03,04
9922,01,02
9923,01
9924,01,02
9926,01,02
9927,01,02,03
9928,01,02,03
9929,01,02
992A,01
992B,01,02
992C,01,02
992D,01
992E,01,02
9930,01
9931,01,02
9932,01,02
9933,01,02
9934,01,02,03
9936,01
9938,01
9939,01,02,03
993A,01,02
993B,01,02
993C,01,02
993D,01,02
993E,01,02
993F,01
9940,01,02,03,04,05
9941,01,02
9942,01,02,03,04
9944,01
9945,01,02,03,04,05,06
9946,01,02,03
9947,01,02,03
9948,01,02
9949,01,02,03
994A,01
994B,01,02,03
994C,01,02,03
994D,01,02
994E,01,02
9950,01,02
9951,01,02,03,04
9952,01,02,03
9955,01,02
9956,01
9957,01,02,03,04,05,06,07,08,09,0A
9958,01,02
9959,01,02,03
995B,01,02,03,04
995C,01,02,03
995D,01
995E,01,02
995F,01,02
9960,01,02
9961,01
9997,01,02
99A4,01
99A7,01
99A8,01,02
99B0,01,02
99B7,01
99BA,01,02
99BC,01,02
99C1,01,02,03
99D0,01,02,03
99DB,01,02
99E6,01
99E9,01
99ED,01,02
99EE,01,02
99F8,01,02
99FF,01,02
9A15,01
9A19,01,02,03
9A1A,01,02
9A1E,01,02
9A2D,01,02
9A2F,01
9A30,01,02,03
9A40,01,02
9A41,01,02
9A44,01,02
9A45,01
9A4A,01,02,03,04
9A4E,01,02
9A54,01,02
9A56,01,02,03
9A58,01,02,03
9A5A,01,02
9A5B,01,02
9A5F,01,02,03
9A63,01
9A65,01,02,03
9A69,01,02
9AA8,01,02,03
9AB8,01,02
9ABE,01,02
9ABF,01,02
9AC8,01,02
9AD2,01,02
9AD3,01,02
9AD6,01,02,03
9ADC,01,02
9ADE,01,02
9ADF,01,02
9AE5,01,02
9AEE,01,02
9AEF,01,02,03
9AF1,01,02
9B06,01,02
9B12,01,02
9B18,01,02,03
9B1B,01,02
9B23,01,02
9B2C,01,02
9B2D,01,02,03,04
9B2E,01,02,03,04,05,06
9B32,01,02,03
9B35,01
9B3C,01,02
9B43,01,02
9B4B,01,02
9B4D,01,02,03
9B4F,01,02
9B51,01,02
9B54,01,02,03
9B58,01
9B65,01,02
9B75,01,02,03
9B79,01,02
9B83,01,02
9B84,01,02
9B8E,01,02,03
9B8F,01,02
9B91,01,02,03
9B92,01,02
9B93,01,02,03
9B97,01,02,03
9BA0,01,02
9BA8,01,02,03
9BAB,01,02,03,04,05
9BAC,01,02
9BAD,01,02
9BAE,01,02,03
9BB1,01,02,03
9BB9,01,02,03
9BBC,01,02
9BC1,01,02
9BC6,01
9BC9,01,02
9BCE,01,02
9BD4,01,02
9BD6,01,02,03,04
9BDB,01,02,03,04
9BE1,01,02,03
9BE8,01,02
9BEB,01,02
9BF0,01,02
9BF1,01,02,03,04,05
9BF2,01,02,03
9BF5,01,02
9BFD,01,02
9C00,01,02,03
9C04,01,02
9C08,01
9C0B,01,02
9C0C,01,02,03
9C10,01,02,03
9C19,01,02
9C1D,01,02
9C1F,01
9C21,01,02
9C22,01,02
9C24,01
9C26,01,02
9C27,01,02
9C2D,01,02
9C2F,01,02,03,04
9C30,01,02
9C31,01,02
9C39,01,02
9C3A,01,02
9C3B,01,02,03,04
9C41,01,02,03
9C48,01,02,03
9C4F,01,02
9C52,01,02,03,04
9C57,01,02,03,04,05
9C5D,01,02
9C60,01,02
9C74,01
9C76,01,02,03
9CE5,01,02
9CE6,01,02,03
9CFD,01
9D07,01,02,03
9D08,01,02,03
9D09,01,02,03,04
9D11,01,02
9D2A,01,02
9D2E,01
9D43,01,02
9D47,01,02
9D48,01,02,03
9D55,01
9D5C,01,02
9D60,01,02,03
9D65,01,02
9D69,01,02
9D6C,01,02,03
9D70,01,02
9D7C,01,02
9D84,01,02
9D93,01,02
9DA1,01,02
9DB2,01,02,03
9DB4,01,02,03
9DB7,01
9DB8,01,02
9DB9,01,02
9DBF,01,02,03,04,05
9DC0,01,02,03,04,05,06
9DC1,01,02,03
9DC2,01
9DC4,01,02
9DCA,01,02
9DCF,01
9DD6,01,02
9DD7,01,02
9DE0,01,02
9DE3,01,02
9DF0,01,02
9DFE,01,02
9E16,01,02
9E17,01
9E1B,01,02
9E80,01,02
9E81,01,02,03
9E8C,01,02
9E8E,01,02,03
9E97,01,02,03
9E9E,01,02
9E9F,01,02,03,04,05
9EA5,01
9EA8,01,02
9EA9,01,02
9EAA,01,02,03
9EAC,01,02
9EAD,01,02,03,04
9EAE,01,02
9EAF,01,02
9EB0,01,02
9EBA,01,02
9EBB,01,02,03
9EBC,01,02
9EBD,01,02
9EBE,01,02
9EBF,01,02,03
9EC2,01
9EC3,01,02
9EC4,01,02,03
9EC6,01,02,03,04
9EC8,01,02
9ECB,01,02,03
9ECC,01,02,03
9ECE,01,02
9ED0,01,02
9ED4,01,02
9ED8,01,02
9ED9,01,02
9EDB,01,02,03
9EDC,01,02
9EDD,01,02
9EDE,01,02
9EE0,01,02
9EE5,01,02
9EE8,01,02
9EEF,01,02,03
9EF3,01
9EF4,01,02
9EF7,01,02
9EF9,01,02,03
9EFB,01,02
9EFC,01,02
9EFD,01,02
9F02,01,02
9F03,01,02
9F05,01
9F07,01,02,03
9F08,01,02,03,04,05,06,07
9F0F,01,02
9F10,01,02
9F12,01,02
9F15,01,02
9F16,01,02
9F1B,01,02,03
9F22,01,02
9F25,01
9F28,01
9F29,01
9F2C,01,02
9F2E,01
9F31,01,02,03
9F32,01,02
9F34,01,02
9F39,01,02
9F3A,01,02
9F3B,01,02,03
9F3E,01,02
9F4A,01,02,03
9F4B,01,02,03,04,05,06
9F4D,01
9F4E,01,02,03
9F4F,01,02
9F56,01,02
9F60,01,02
9F61,01,02
9F64,01
9F67,01,02,03,04
9F76,01,02
9F8D,01,02,03,04,05,06,07,08,09,0A,0B,0C,0D,0E
9F8E,01
9F8F,01,02,03,04
9F90,01,02,03
9F91,01,02
9F93,01,02
9F94,01,02
9F95,01,02
9F97,01,02,03,04,05
9F98,01
9F9A,01
9F9C,01,02,03,04,05,06,07,08,09
9F9D,01,02,03,04,05
9FA2,01,02
9FAC,01
9FBD,01,02
9FC4,01,02
9FC6,01,02