4E07,01,02,03
4E08,01,02,03
4E0E,01,02,03,04
4E11,01,02,03,04
4E12,01,02,03
4E14,01,02
4E18,01,02
4E19,01,02,03,04
4E1E,01,02
4E26,01,02,03,04
4E2D,01,02
4E30,01,02,03
4E35,01,02
4E38,01,02
4E39,01,02,03
4E3A,01
4E3B,01,02,03
4E3D,01,02
4E41,01,02
4E42,01,02,03
4E44,01,02
4E45,01,02
4E47,01,02
4E54,01
4E55,01,02,03,04,05,06
4E58,01,02
4E6D,01
4E73,01,02,03
4E75,01,02
4E78,01
4E80,01,02
4E82,01,02
4E86,01,02
4E88,01,02
4E94,01,02
4E98,01,02
4E99,01,02
4E9E,01,02
4E9F,01,02,03
4EA0,01,02
4EA1,01,02,03
4EA2,01,02,03,04,05
4EA4,01,02,03,04
4EA5,01,02
4EA8,01,02
4EAB,01,02
4EAE,01,02
4EB6,01,02,03
4EB7,01
4EB9,01,02,03
4EC4,01,02
4EC7,01,02
4ECA,01
4ECB,01,02
4ED7,01,02,03,04
4EDE,01,02
4EE2,01,02
4EE4,01,02
4EE5,01,02,03
4EED,01,02
4EF1,01,02
4F00,01,02
4F04,01
4F09,01,02
4F0A,01,02
4F0B,01,02
4F16,01,02
4F17,01,02
4F33,01,02
4F34,01,02,03
4F35,01,02
4F36,01,02
4F3C,01,02
4F40,01,02
4F4F,01,02,03
4F50,01,02
4F53,01,02
4F5F,01,02
4F60,01,02,03,04
4F69,01,02
4F6A,01,02
4F6D,01
4F73,01
4F75,01
4F76,01,02
4F7A,01,02
4F7C,01,02
4F7D,01,02
4F7E,01,02
4F7F,01,02,03
4F83,01,02
4F89,01,02
4F96,01,02,03
4F9C,01
4FA1,01,02
4FAB,01,02
4FAE,01,02,03
4FAF,01,02
4FB1,01
4FB5,01,02,03
4FB9,01,02
4FBB,01,02,03
4FBF,01,02,03
4FC8,01,02
4FCA,01,02
4FD8,01,02
4FDE,01,02,03
5002,01,02
5008,01
500F,01,02
5010,01,02
5016,01,02
5017,01,02
501C,01,02
501D,01,02
5024,01
5025,01,02
5026,01,02,03
5029,01,02,03,04
502B,01,02
5030,01,02
5036,01,02
5040,01,02
5042,01,02
5043,01,02
5048,01,02
5049,01,02,03,04,05
504C,01,02
504F,01,02,03
5050,01,02
5055,01,02
5056,01,02,03
505C,01,02
5060,01,02
5064,01
5065,01,02,03,04
5070,01,02,03
5077,01,02
5085,01,02,03,04,05
508B,01
508D,01,02
508E,01,02,03
5090,01,02
5091,01,02,03,04,05
5093,01,02
5094,01,02
5099,01,02
50A2,01,02
50AA,01,02
50AF,01,02
50B0,01,02
50B3,01,02,03
50B4,01,02
50B9,01,02
50BB,01,02
50BD,01,02
50C3,01,02
50C5,01,02,03
50C9,01,02,03
50CA,01,02,03,04,05,06
50CF,01,02,03,04,05
50D0,01,02
50D8,01,02
50D9,01,02,03
50DB,01
50DE,01,02
50DF,01,02,03
50E2,01,02
50E4,01,02
50E7,01,02,03,04,05
50E8,01,02
50ED,01,02,03
50EE,01,02
50EF,01,02
50F2,01,02,03,04
50F6,01,02,03
50F7,01
5103,01,02
5104,01,02
5106,01,02
5108,01,02,03
510D,01,02
5110,01,02
5114,01,02
511A,01,02,03
511B,01,02
5125,01
512A,01,02,03
512B,01
512C,01,02
5131,01,02
5132,01,02,03
513A,01,02
513B,01,02
513C,01,02,03,04
5140,01,02,03
5142,01,02,03,04
5145,01,02
5146,01,02,03
5147,01,02
514A,01,02,03,04
514C,01,02
514D,01,02,03,04
514E,01,02,03
5152,01,02,03
5153,01,02
5154,01,02,03,04,05
515C,01,02
5160,01,02
5164,01,02,03,04,05
5168,01,02,03,04
5169,01,02
516A,01,02
516B,01,02,03
516C,01,02,03
516E,01,02
5173,01,02
5177,01,02,03,04
5178,01,02
517B,01,02
517C,01,02,03,04,05,06
5180,01,02
5185,01,02
5189,01,02,03
518D,01,02,03,04,05
518E,01,02,03
5192,01,02,03
5193,01,02,03,04,05
5195,01,02,03,04,05,06
5197,01,02
5198,01,02
519B,01
519D,01,02,03
51A1,01,02
51A2,01,02,03,04,05
51A4,01,02,03,04,05,06
51A5,01,02
51A6,01,02
51AA,01,02
51AC,01,02,03
51B4,01,02,03,04,05,06
51B5,01,02
51CA,01,02
51CB,01,02,03
51CC,01,02
51D1,01,02
51DB,01,02,03
51DE,01,02,03,04,05,06,07,08,09,0A,0B
51E1,01
51E2,01,02
51EF,01
51F6,01,02
51FD,01,02,03
51FE,01,02
5203,01,02,03
5204,01,02
5206,01,02,03
5207,01,02,03,04
520B,01,02
5213,01,02
521F,01
5220,01
5224,01,02,03,04
5225,01,02
5238,01,02,03
523B,01,02
524A,01,02,03
524D,01,02,03
524F,01,02
5264,01
5268,01
526A,01,02
5271,01,02,03,04,05
5272,01,02,03,04,05
5273,01,02
5275,01,02,03
527F,01,02
5283,01,02
5289,01,02,03
528D,01,02,03
5291,01,02
5292,01,02
5294,01,02,03,04
5298,01,02
52A9,01,02
52B5,01,02
52BE,01,02
52C1,01,02
52C2,01
52C3,01,02
52C4,01,02
52C6,01,02
52C7,01,02,03
52C9,01,02,03
52CC,01,02,03,04,05,06,07
52CE,01
52D2,01,02
52D6,01,02
52D7,01,02,03
52D8,01,02,03,04
52DB,01,02
52DD,01,02,03
52DF,01,02,03
52E0,01,02
52E2,01
52E4,01,02,03,04,05,06,07,08
52E5,01,02
52E6,01,02
52E8,01,02
52EC,01,02
52EF,01
52F1,01,02
52F2,01,02
52F3,01,02
52F5,01,02
52F8,01,02,03
52F9,01,02
52FA,01,02,03
5300,01
5304,01
5305,01,02,03
5306,01,02
5307,01,02,03
5308,01,02,03,04
530B,01,02,03
530F,01,02
5315,01
5316,01,02,03
5317,01,02
5324,01,02
532C,01,02
5335,01,02
5336,01
5339,01,02,03
533B,01,02
533C,01,02,03
533D,01,02
533E,01,02,03
533F,01,02,03
5340,01,02,03
5344,01
5345,01,02
5347,01,02,03,04
534A,01,02,03
534B,01,02
5351,01,02,03
5352,01,02
535A,01,02,03,04,05,06,07,08,09,0A,0B
535E,01,02
5365,01
5368,01
536F,01,02
5371,01,02,03,04
5373,01,02
5377,01,02,03,04,05,06
5378,01,02,03
537B,01,02
537D,01,02
537F,01,02,03,04,05,06,07,08,09
5384,01,02
538B,01
5396,01,02
53A5,01,02
53A9,01,02,03,04,05,06,07,08,09,0A,0B,0C,0D
53B0,01,02
53B2,01,02
53B7,01,02
53C8,01,02
53C9,01,02,03
53CA,01,02,03,04
53CE,01,02,03
53D0,01,02,03
53D3,01,02
53D4,01,02
53D7,01
53D8,01
53DB,01,02,03,04,05,06
53DC,01
53DD,01,02
53DF,01,02,03,04
53E0,01
53E2,01,02
53EB,01,02
53ED,01,02
53F1,01,02,03
53F2,01,02,03
53F7,01,02
5406,01
540F,01,02,03,04
541B,01,02
541D,01,02
541F,01,02
5429,01,02
542B,01,02
542F,01,02,03
5438,01,02,03
543E,01,02
5440,01,02,03
5448,01,02,03,04
5455,01,02
5468,01,02,03
5471,01,02
5485,01,02
5486,01,02
548A,01,02
548E,01,02,03
5492,01,02
549E,01
54A2,01,02
54AC,01,02,03
54B2,01,02,03
54B5,01
54BC,01,02,03
54C9,01,02
54CE,01,02
54E0,01,02
54E8,01,02,03
54F2,01,02
54FD,01,02
54FE,01,02
5506,01,02
550C,01,02
5510,01,02,03
5527,01,02
552C,01
5533,01,02,03,04,05
5539,01,02,03
5541,01,02
5544,01,02,03,04,05,06
5546,01,02,03,04
5547,01,02
554C,01,02
5553,01,02,03
5554,01
5557,01,02
555A,01,02,03,04,05
555D,01,02
555F,01
5561,01
5568,01
556B,01
557C,01,02
5584,01,02,03,04,05,06
5586,01,02
558F,01,02
5591,01,02
5593,01,02
5599,01,02,03,04
559C,01,02,03,04,05,06
559D,01,02,03
559E,01,02
55A8,01,02
55A9,01,02,03,04
55AA,01,02
55AB,01,02,03,04,05,06
55AE,01,02,03
55B0,01,02,03
55BB,01
55C2,01
55C5,01,02
55D0,01
55D2,01,02
55D4,01,02
55DD,01,02
55DE,01,02
55E2,01,02
55E3,01,02
55E4,01,02,03,04,05
55F9,01,02
5605,01,02,03,04,05
5606,01,02,03
5609,01,02,03,04,05
5614,01,02
561B,01,02
5629,01,02
562C,01,02
5630,01,02
5632,01,02,03
563C,01,02
563E,01
5642,01,02,03,04
5644,01,02
5646,01,02
5647,01,02
564C,01,02,03
5650,01,02
5660,01,02
5668,01,02,03,04,05,06,07,08,09,0A
566B,01,02
5671,01,02
5674,01,02,03,04
5676,01,02
5678,01,02,03
5680,01,02
5683,01
5684,01,02
5686,01,02
568A,01,02
5694,01,02,03
569D,01,02
569E,01,02
56A0,01,02
56A4,01
56A5,01,02,03
56A8,01,02
56AE,01,02,03,04,05,06,07
56B3,01,02
56BC,01,02
56C0,01,02,03
56C1,01,02,03,04
56C8,01,02
56CC,01,02
56CE,01,02,03,04,05
56D3,01,02,03
56DB,01,02
56E2,01
56EE,01,02,03
56F6,01,02,03
5702,01,02
5708,01,02
570A,01,02
570D,01,02,03,04,05
5711,01,02,03
5716,01,02,03
5717,01,02
571B,01,02
5723,01,02
572C,01,02
572D,01,02,03
5734,01,02
5747,01,02,03
5748,01
576A,01,02,03
5774,01,02
577A,01,02
577D,01
5789,01,02
578B,01,02
5793,01,02
5794,01,02
5795,01,02
579D,01,02
57AA,01,02
57C8,01,02
57CE,01,02,03,04,05
57D2,01,02
57D3,01,02,03
57D5,01,02
57D6,01,02,03
57E2,01
57E5,01
57E7,01,02
57EA,01,02
57F4,01,02,03,04
57F6,01,02
57F8,01,02
5805,01,02
5807,01,02
580B,01,02,03
580D,01,02
5819,01,02,03
581F,01,02
582F,01,02
5830,01,02,03
5831,01,02
5832,01,02
5834,01,02
5835,01,02,03
5837,01
583D,01,02,03
5840,01,02,03
584A,01,02
584C,01,02
584D,01,02
5851,01,02
5854,01,02
5858,01,02,03
5859,01,02,03,04
585A,01,02,03,04,05,06
585F,01,02
5863,01
5867,01,02
5869,01,02
5870,01,02,03
5874,01
587C,01,02,03
587D,01
5880,01,02
5881,01,02
5883,01,02
588D,01,02,03
5890,01,02
5893,01,02
589C,01,02,03,04
589E,01,02
589F,01,02
58A8,01,02,03
58AB,01,02,03,04
58B3,01,02
58B8,01,02,03
58BA,01,02
58C4,01,02
58C7,01,02
58CA,01,02
58CE,01,02
58D0,01,02
58D2,01,02
58D3,01,02,03
58D5,01,02
58D9,01,02
58DD,01,02
58DF,01,02
58E0,01,02
58E1,01,02
58E5,01,02
58F3,01,02
58F4,01,02
58F7,01,02
58FA,01,02
58FD,01,02,03
5900,01,02,03,04
5903,01
5905,01,02
5906,01,02,03
590A,01,02
590C,01,02
590F,01,02,03
5910,01,02,03
5912,01,02
5913,01,02
5914,01,02,03
5916,01,02
5917,01
591B,01,02,03,04
5922,01,02,03
5927,01
5937,01,02
5938,01,02
5944,01,02
5946,01,02
594F,01
5951,01,02,03,04,05,06
5953,01,02,03
5954,01,02
5956,01,02
5958,01,02,03
595D,01,02
595F,01,02
5960,01,02,03,04,05,06
5962,01,02,03
5963,01,02
5965,01,02
5969,01,02
596C,01,02,03
5970,01
5972,01,02
5973,01
5981,01,02
5983,01,02
5984,01,02,03
599B,01,02
59A0,01
59A5,01,02,03
59BB,01,02
59C9,01
59CD,01,02
59D8,01
59DA,01,02,03
59E3,01,02
59EC,01,02,03
59F8,01,02
59FF,01,02,03,04
5A01,01,02
5A19,01
5A1C,01,02,03
5A27,01,02
5A29,01,02,03
5A36,01,02,03
5A41,01,02
5A48,01,02
5A4C,01,02
5A58,01
5A64,01
5A66,01,02,03
5A67,01,02
5A6C,01,02
5A7E,01,02
5A8D,01
5A96,01,02
5A9B,01,02,03
5AA2,01,02
5AB5,01,02
5ABA,01,02,03,04,05
5ABE,01,02,03,04
5ABF,01,02
5AC1,01,02
5AC2,01,02,03,04
5AC3,01,02
5AC6,01,02
5ACB,01,02
5ACC,01,02,03
5ACF,01,02
5AD7,01,02
5ADA,01,02,03
5ADB,01
5ADC,01,02
5ADF,01
5AE1,01,02
5AE2,01
5AE4,01
5AEB,01
5AF8,01
5B05,01
5B0D,01
5B1A,01
5B28,01
5B2A,01,02
5B34,01,02,03,04
5B36,01,02
5B3E,01,02
5B5A,01,02,03
5B64,01,02,03
5B69,01,02
5B6B,01,02
5B70,01,02
5B73,01,02,03
5B75,01,02
5B76,01,02
5B7C,01,02,03
5B7D,01,02
5B82,01,02
5B85,01,02
5B90,01,02,03
5BA3,01,02,03
5BA4,01,02
5BAC,01,02
5BAD,01,02
5BB2,01,02
5BB3,01,02,03,04,05,06
5BB5,01,02,03
5BB6,01,02
5BBB,01
5BC0,01,02
5BC3,01,02,03,04
5BC5,01,02
5BC7,01,02
5BC8,01
5BCF,01,02
5BD0,01,02
5BD2,01,02,03
5BD5,01
5BD7,01,02,03,04
5BD9,01,02
5BDB,01,02,03,04
5BDE,01,02
5BE2,01,02
5BE4,01,02
5BE5,01,02
5BE7,01,02,03
5BE8,01
5BEC,01,02,03,04
5BED,01,02
5BF5,01,02,03
5BF6,01,02,03
5BFD,01,02
5BFF,01,02
5C02,01,02
5C04,01,02
5C06,01,02,03,04
5C07,01,02,03,04
5C08,01,02
5C09,01,02
5C0A,01,02,03,04,05
5C0B,01,02,03,04
5C0E,01,02,03
5C0F,01,02
5C19,01,02
5C23,01,02
5C28,01,02,03,04
5C2D,01,02,03
5C39,01,02
5C44,01
5C46,01,02
5C4B,01,02
5C4F,01,02
5C51,01,02,03
5C53,01,02
5C55,01,02
5C58,01
5C60,01,02,03
5C64,01,02,03
5C65,01,02
5C6E,01,02,03
5C6F,01,02
5C75,01,02
5C88,01,02
5C8B,01
5C8C,01,02
5C8D,01,02,03
5C91,01,02
5C94,01,02
5CA9,01,02
5CAD,01,02
5CB8,01,02
5CBA,01,02
5CBB,01,02
5CBC,01,02
5CC0,01
5CD5,01
5CED,01,02
5CF6,01,02,03
5CFA,01,02
5CFB,01,02,03
5CFC,01
5D06,01,02
5D0B,01,02
5D0E,01,02
5D19,01,02
5D1A,01,02
5D1D,01,02
5D21,01
5D22,01,02
5D27,01,02
5D29,01,02,03
5D2A,01
5D3F,01,02
5D41,01
5D43,01,02
5D45,01
5D46,01,02
5D4E,01
5D53,01,02
5D69,01,02
5D6B,01
5D6E,01
5D76,01,02
5D7A,01,02
5D82,01,02
5D87,01,02,03
5D90,01,02
5D92,01,02
5D99,01,02
5DB2,01,02,03
5DC1,01
5DC3,01,02,03
5DC9,01,02,03
5DCC,01
5DCD,01,02,03,04
5DCE,01,02
5DD3,01,02,03,04
5DD6,01,02,03,04
5DD9,01,02,03
5DDF,01
5DE1,01,02,03
5DE2,01,02,03
5DE4,01,02
5DE5,01,02,03
5DE6,01,02
5DE8,01,02,03
5DE9,01,02
5DEE,01,02,03
5DF1,01,02,03
5DF7,01,02,03,04
5DF8,01,02,03
5DFB,01,02,03,04
5DFD,01,02,03,04
5E06,01
5E09,01
5E0C,01,02
5E13,01
5E1A,01,02
5E1D,01,02,03
5E23,01
5E28,01,02
5E2B,01,02,03,04
5E2E,01,02
5E2F,01,02
5E30,01,02,03,04
5E3D,01,02,03
5E3E,01,02
5E42,01
5E43,01,02,03,04
5E54,01,02,03
5E55,01,02
5E59,01
5E5B,01,02
5E5F,01,02
5E62,01,02
5E63,01,02,03
5E64,01,02,03,04
5E69,01
5E6A,01,02,03
5E6D,01,02,03,04
5E6F,01,02
5E70,01,02
5E73,01,02,03
5E74,01,02
5E75,01,02,03
5E78,01,02
5E7E,01,02,03,04
5E92,01
5E95,01,02
5E96,01,02,03
5EA6,01,02
5EA7,01
5EAC,01,02,03
5EAD,01,02,03,04
5EB3,01,02
5EB6,01,02
5EB7,01,02
5EB8,01,02,03
5EB9,01,02
5EBB,01
5EBE,01,02
5EBF,01,02
5EC9,01,02,03
5ECA,01,02,03,04
5ECB,01,02,03
5ECF,01,02,03
5ED0,01,02,03,04,05,06,07
5ED1,01,02
5ED6,01,02
5ED9,01,02
5EDF,01,02,03
5EE0,01,02,03
5EE3,01,02,03,04,05,06,07,08,09,0A,0B,0C
5EF4,01,02
5EF6,01,02,03,04,05
5EF7,01,02,03,04
5EF8,01,02,03,04
5EF9,01,02
5EFA,01,02,03,04
5EFB,01,02,03
5EFC,01,02,03
5EFD,01,02
5EFE,01,02
5F01,01,02,03
5F02,01,02
5F09,01,02,03
5F0A,01,02,03
5F0D,01,02,03
5F0E,01,02
5F13,01,02,03
5F14,01,02
5F15,01,02
5F16,01,02
5F17,01,02
5F18,01,02
5F1F,01,02
5F20,01
5F21,01,02
5F22,01,02
5F25,01,02,03,04
5F27,01,02
5F29,01,02
5F2D,01,02,03
5F2E,01,02
5F31,01,02,03
5F38,01,02,03
5F44,01,02
5F45,01,02,03,04,05,06
5F48,01,02
5F4C,01,02,03
5F50,01,02,03,04
5F55,01,02,03
5F56,01,02,03
5F57,01,02,03
5F5A,01,02,03,04
5F5C,01,02
5F5E,01
5F60,01,02,03
5F62,01,02,03
5F67,01,02
5F69,01,02,03
5F6A,01,02,03
5F6B,01,02,03
5F70,01,02
5F74,01,02
5F80,01,02,03
5F86,01
5F8B,01,02
5F8C,01,02
5F8F,01,02
5F90,01,02
5F91,01,02
5F93,01,02
5F98,01,02,03
5F9E,01,02
5FA1,01,02,03,04,05,06
5FA4,01,02
5FAB,01,02
5FAC,01,02
5FAE,01,02,03,04,05
5FB2,01
5FB3,01,02
5FB5,01,02,03
5FB7,01,02
5FBD,01,02,03
5FBF,01
5FCD,01,02,03,04
5FD8,01,02,03
5FD9,01,02,03
5FDD,01
5FDE,01,02
5FDF,01
5FE3,01
5FED,01,02
5FF0,01,02
5FFF,01,02
601C,01,02
6025,01,02,03
6026,01,02
6038,01
6044,01
604A,01,02
6050,01,02,03,04
6054,01,02
605D,01,02,03
6062,01,02,03,04,05
6065,01,02,03
6071,01,02,03
6075,01,02,03
607E,01,02,03
607F,01,02
6081,01,02
6084,01,02
608B,01,02
608E,01,02
6094,01,02,03
6097,01,02,03,04,05
6099,01,02
609C,01
609E,01
609F,01,02
60A4,01,02,03,04
60A8,01,02
60B2,01,02,03
60B3,01,02,03
60BE,01,02
60C5,01,02,03
60C6,01,02
60C7,01,02
60D3,01,02
60D8,01,02,03,04
60DD,01,02
60E0,01,02,03,04,05
60E5,01,02
60E7,01,02
60F9,01,02
6107,01,02
6108,01,02,03,04,05
6109,01,02,03
610C,01,02
610F,01,02,03
6111,01,02
6112,01,02
6114,01,02
6115,01,02
6116,01,02
611B,01,02,03
613A,01,02
613C,01,02,03,04
613D,01,02,03,04
613F,01,02
6148,01,02,03,04,05
614A,01,02
614C,01,02,03,04
614E,01,02,03
6154,01
6155,01,02
615C,01
615D,01,02,03
615E,01,02
6162,01,02,03
6165,01,02,03
6167,01,02,03,04,05
6168,01,02,03,04,05,06,07,08,09,0A,0B,0C,0D,0E,0F
6171,01,02,03
6174,01,02
6176,01,02
6178,01,02
617A,01,02,03
617F,01,02
6181,01,02
6182,01,02,03
618A,01,02
618E,01,02,03
6190,01,02,03,04
6193,01,02
619B,01
61A4,01,02,03,04
61A7,01,02
61AF,01
61B2,01,02,03,04,05,06
61B4,01
61B6,01,02
61BC,01,02
61BD,01
61C2,01,02
61CA,01,02
61CB,01,02
61CC,01,02,03
61D0,01,02
61D5,01,02
61DE,01,02,03
61E5,01,02
61E9,01,02
61EC,01,02
61ED,01,02
61F2,01,02,03,04,05,06,07
61F5,01,02
61F6,01,02
61F8,01
61FB,01
61FD,01,02
61FE,01,02,03
61FF,01,02
6205,01
6207,01,02
620E,01,02
6210,01,02,03,04,05,06
6214,01,02
621A,01,02
621B,01,02
6220,01,02,03
6222,01,02
622E,01,02
6230,01,02
6233,01,02
6234,01,02
623B,01,02,03
623F,01,02,03,04
6240,01,02,03
6241,01,02,03
6246,01,02
6247,01,02,03
6248,01,02,03
6249,01,02,03,04,05,06,07
624D,01,02
625A,01,02
625D,01
6260,01,02
6268,01,02,03,04,05
626E,01,02
6271,01,02,03
6280,01,02
6283,01,02
6286,01
6295,01,02
62A3,01
62A8,01,02
62B1,01,02,03
62CC,01,02,03
62CF,01
62D0,01,02,03,04,05,06
62D2,01,02,03
62D3,01,02
62D4,01,02,03
62F3,01,02,03
62F4,01,02
62F7,01,02,03
62FC,01,02