3402,01,02,03,04
3404,01,02
3427,01,02
342a,01,02,03
342c,01,02
342e,01,02,03
3436,01
3441,01
3442,01
344d,01
3464,01
3479,01,02
348a,01
3496,01
34a7,01
34b8,01
34b9,01
34bb,01
34bc,01,02
34bd,01
34c3,01
34c7,01,02
34cc,01
34d7,01
34de,01,02,03
34ee,01
34f2,01
34f5,01
34f6,01
3515,01
351c,01
351f,01,02
3520,01,02
3526,01,02
3530,01
3531,01
3534,01
353a,01,02
353e,01,02
3553,01
355b,01
355c,01
3561,01
356f,01
35b6,01
35d4,01
35d6,01
35f4,01,02
35fb,01
361d,01
3628,01
3634,01
3642,01
3644,01
364f,01
3651,01
365b,01,02
3669,01
3685,01
3687,01
3688,01
3689,01,02
3691,01,02
36a2,01
36ab,01
36c3,01,02
36c7,01,02
36ee,01
36fa,01
36fc,01
3719,01
372f,01,02
3732,01
3762,01,02
3763,01,02
3769,01
376b,01,02
3778,01
37a4,01
37b7,01
37c1,01,02,03
37d0,01
37df,01
37e7,01
37f1,01
3809,01
3815,01
3817,01
382f,01,02,03
3836,01,02,03
384c,01
3855,01
385b,01
3862,01
386d,01
3895,01
38a2,01
38a3,01
38b4,01
38c7,01
38d2,01
38df,01
38f7,01
38fa,01,02
38fc,01
3900,01
3905,01
3906,01
3917,01,02
393a,01
396f,01,02
3971,01
3983,01
399e,01
39a2,01,02,03
39a5,01
39ae,01,02
39b6,01
39b8,01,02
39de,01,02
3a17,01
3a28,01
3a2f,01
3a3e,01
3a3f,01
3a6e,01,02
3a9c,01
3aa4,01
3ab4,01
3ac4,01,02
3ae0,01,02
3ae6,01
3aef,01
3af4,01
3af7,01
3b05,01
3b08,01
3b0a,01
3b15,01
3b19,01
3b1c,01,02
3b1d,01
3b26,01
3b27,01,02
3b2d,01
3b36,01
3b3c,01
3b52,01
3b5b,01
3b69,01,02
3b74,01
3b78,01
3b8d,01,02
3b91,01
3ba4,01,02
3bab,01
3bae,01
3bb5,01
3bb8,01
3bcd,01,02
3bec,01
3bf3,01,02
3bfe,01
3c05,01
3c0d,01
3c1b,01
3c4e,01,02
3c4f,01
3c73,01
3c8a,01
3cba,01
3cdf,01,02
3ce4,01
3cf8,01
3cfd,01
3d00,01
3d04,01
3d0a,01
3d1b,01
3d1e,01,02
3d20,01
3d31,01,02
3d41,01
3d5d,01
3d64,01,02
3d67,01
3d69,01
3d6a,01,02
3d7e,01
3d80,01
3d87,01
3d93,01
3d98,01
3da7,01
3db3,01
3dc0,01,02
3dd4,01,02
3dd5,01,02
3ddf,01
3dec,01
3ded,01
3df1,01
3e02,01
3e0f,01
3e14,01
3e35,01
3e37,01
3e83,01,02
3e9a,01
3ebf,01
3ee8,01
3f0b,01
3f1b,01
3fc2,01
3fca,01
3fdf,01
3fe9,01
3ffc,01
4018,01
4048,01
404f,01
4050,01
4054,01
4058,01,02
4071,01,02
407e,01,02
408a,01,02
4096,01,02
40ae,01
40cd,01
40dd,01
40ee,01
40fd,01
40fe,01
4101,01
4102,01
4103,01,02,03
4104,01
4105,01,02
4106,01
4107,01,02
410c,01
410d,01
410f,01
4112,01
4113,01
4120,01
412a,01
412f,01
4146,01
4148,01,02,03
4164,01
4165,01
417e,01
4181,01
4183,01,02
4192,01
4196,01
41b3,01
41b4,01,02
41cc,01
41d2,01
41f1,01
41f8,01
4227,01
422a,01
4234,01
4240,01
4274,01,02
4275,01
427d,01
4291,01
4294,01
42a3,01
42ae,01
42b8,01
42ba,01
42c6,01,02,03
42c7,01
42da,01
42e3,01,02
4301,01
4313,01,02
4334,01
4343,01,02
4359,01
4395,01
4397,01
43a8,01
43a9,01
43aa,01
43af,01
43ca,01
43cb,01,02
43d5,01,02
43d9,01
43dc,01
43e2,01
43f0,01,02
440b,01
440c,01,02
446b,01
4476,01,02
4493,01
4494,01
4498,01
44a0,01
44a2,01
44a7,01
44a9,01
44ab,01
44b1,01
44b3,01,02
44b6,01
44b9,01,02,03,04
44ba,01
44be,01,02
44c1,01
44c6,01
44c7,01
44cc,01
44d0,01
44d3,01
44d4,01,02
44e1,01
44e4,01
44e6,01
44e7,01
44ea,01
44f2,01,02
44f5,01
44f6,01
44fa,01
4506,01
4508,01,02
450a,01
450d,01,02
450f,01
4524,01
4525,01,02
4531,01
4532,01
4535,01
453b,01
453c,01
453d,01
4540,01
4543,01,02,03
454c,01,02
454f,01
455c,01
455e,01,02
4568,01
456a,01
4572,01
4576,01
457a,01,02
457e,01
4587,01
458d,01,02
458e,01
4594,01
4596,01,02
4598,01,02
459d,01,02
459f,01
45c8,01
45ce,01
45cf,01
45d7,01
45e6,01
460d,01
4615,01
462f,01
4635,01
4638,01
4645,01
465c,01
465d,01
4670,01
4672,01
4674,01,02,03
46ac,01
46b0,01
46ce,01
46e3,01
4704,01
470c,01,02
471a,01
471f,01,02
4722,01
475e,01
475f,01
4768,01
477c,01
4797,01
47e6,01,02
47fd,01,02
484e,01,02
4871,01
4875,01
4885,01
4889,01
488b,01
488c,01
4890,01
4893,01
4894,01
4896,01
4897,01
48a5,01
48a6,01
48ab,01
48b0,01
48ca,01
48d0,01
4921,01
4938,01
493e,01
493f,01,02
4940,01
4943,01
494e,01
496c,01
4995,01,02
49a8,01
49d3,01
49df,01
49e2,01
4a22,01
4a24,01
4a28,01
4a29,01,02
4a3c,01
4a7f,01
4a9d,01
4aa7,01
4aab,01
4ab4,01
4ab5,01
4add,01
4b12,01
4b13,01
4b19,01
4b1f,01
4b22,01
4b2a,01
4b2e,01
4b30,01
4b33,01
4b34,01
4b36,01
4b39,01
4b3b,01,02
4b3c,01
4b40,01
4b42,01
4b43,01
4b45,01
4b47,01
4b49,01
4b4b,01
4b50,01
4b51,01
4b52,01
4b54,01
4b61,01
4b63,01
4b68,01
4b69,01
4bb2,01
4bec,01
4c17,01,02,03
4c1f,01
4c27,01
4c50,01
4c95,01
4cb7,01
4cce,01
4ce9,01
4cf1,01
4d1f,01
4d2a,01
4d34,01
4d39,01
4d43,01
4d82,01
4d91,01
4db0,01,02
4e07,01,02,03
4e08,01,02,03
4e0e,01,02,03,04
4e11,01,02,03,04
4e12,01,02,03
4e14,01,02
4e18,01,02
4e19,01,02,03,04
4e1e,01,02
4e26,01,02,03,04
4e2d,01,02
4e30,01,02,03
4e35,01,02
4e38,01,02
4e39,01,02,03
4e3a,01
4e3b,01,02,03
4e3d,01,02
4e41,01,02
4e42,01,02,03
4e44,01,02
4e45,01,02
4e47,01,02
4e54,01
4e55,01,02,03,04,05,06
4e58,01,02
4e6d,01
4e73,01,02,03
4e75,01,02
4e78,01
4e80,01,02
4e82,01,02
4e86,01,02
4e88,01,02
4e94,01,02
4e98,01,02
4e99,01,02
4e9e,01,02
4e9f,01,02,03
4ea0,01,02
4ea1,01,02,03
4ea2,01,02,03,04,05
4ea4,01,02,03,04
4ea5,01,02
4ea8,01,02
4eab,01,02
4eae,01,02
4eb6,01,02,03
4eb7,01
4eb9,01,02,03
4ec4,01,02
4ec7,01,02
4eca,01
4ecb,01,02
4ed7,01,02,03,04
4ede,01,02
4ee2,01,02
4ee4,01,02
4ee5,01,02,03
4eed,01,02
4ef1,01,02
4f00,01,02
4f04,01
4f09,01,02
4f0a,01,02
4f0b,01,02
4f16,01,02
4f17,01,02
4f33,01,02
4f34,01,02,03
4f35,01,02
4f36,01,02
4f3c,01,02
4f40,01,02
4f4f,01,02,03
4f50,01,02
4f53,01,02
4f5f,01,02
4f60,01,02,03,04
4f69,01,02
4f6a,01,02
4f6d,01
4f73,01
4f75,01
4f76,01,02
4f7a,01,02
4f7c,01,02
4f7d,01,02
4f7e,01,02
4f7f,01,02,03
4f83,01,02
4f89,01,02
4f96,01,02,03
4f9c,01
4fa1,01,02
4fab,01,02
4fae,01,02,03
4faf,01,02
4fb1,01
4fb5,01,02,03
4fb9,01,02
4fbb,01,02,03
4fbf,01,02,03
4fc8,01,02
4fca,01,02
4fd8,01,02
4fde,01,02,03
5002,01,02
5008,01
500f,01,02
5010,01,02
5016,01,02
5017,01,02
501c,01,02
501d,01,02
5024,01
5025,01,02
5026,01,02,03
5029,01,02,03,04
502b,01,02
5030,01,02
5036,01,02
5040,01,02
5042,01,02
5043,01,02
5048,01,02
5049,01,02,03,04,05
504c,01,02
504f,01,02,03
5050,01,02
5055,01,02
5056,01,02,03
505c,01,02
5060,01,02
5064,01
5065,01,02,03,04
5070,01,02,03
5077,01,02
5085,01,02,03,04,05
508b,01
508d,01,02
508e,01,02,03
5090,01,02
5091,01,02,03,04,05
5093,01,02
5094,01,02
5099,01,02
50a2,01,02
50aa,01,02
50af,01,02
50b0,01,02
50b3,01,02,03
50b4,01,02
50b9,01,02
50bb,01,02
50bd,01,02
50c3,01,02
50c5,01,02,03
50c9,01,02,03
50ca,01,02,03,04,05,06
50cf,01,02,03,04,05
50d0,01,02
50d8,01,02
50d9,01,02,03
50db,01
50de,01,02
50df,01,02,03
50e2,01,02
50e4,01,02
50e7,01,02,03,04,05
50e8,01,02
50ed,01,02,03
50ee,01,02
50ef,01,02
50f2,01,02,03,04
50f6,01,02,03
50f7,01
5103,01,02
5104,01,02
5106,01,02
5108,01,02,03
510d,01,02
5110,01,02
5114,01,02
511a,01,02,03
511b,01,02
5125,01
512a,01,02,03
512b,01
512c,01,02
5131,01,02
5132,01,02,03
513a,01,02
513b,01,02
513c,01,02,03,04
5140,01,02,03
5142,01,02,03,04
5145,01,02
5146,01,02,03
5147,01,02
514a,01,02,03,04
514c,01,02
514d,01,02,03,04
514e,01,02,03
5152,01,02,03
5153,01,02
5154,01,02,03,04,05
515c,01,02
5160,01,02
5164,01,02,03,04,05
5168,01,02,03,04
5169,01,02
516a,01,02
516b,01,02,03
516c,01,02,03
516e,01,02
5173,01,02
5177,01,02,03,04
5178,01,02
517b,01,02
517c,01,02,03,04,05,06
5180,01,02
5185,01,02
5189,01,02,03
518d,01,02,03,04,05
518e,01,02,03
5192,01,02,03
5193,01,02,03,04,05
5195,01,02,03,04,05,06
5197,01,02
5198,01,02
519b,01
519d,01,02,03
51a1,01,02
51a2,01,02,03,04,05
51a4,01,02,03,04,05,06
51a5,01,02
51a6,01,02
51aa,01,02
51ac,01,02,03
51b4,01,02,03,04,05,06
51b5,01,02
51ca,01,02
51cb,01,02,03
51cc,01,02
51d1,01,02
51db,01,02,03
51de,01,02,03,04,05,06,07,08,09,0A,0B
51e1,01
51e2,01,02
51ef,01
51f6,01,02
51fd,01,02,03
51fe,01,02
5203,01,02,03
5204,01,02
5206,01,02,03
5207,01,02,03,04
520b,01,02
5213,01,02
521f,01
5220,01
5224,01,02,03,04
5225,01,02
5238,01,02,03
523b,01,02
524a,01,02,03
524d,01,02,03
524f,01,02
5264,01
5268,01
526a,01,02
5271,01,02,03,04,05
5272,01,02,03,04,05
5273,01,02
5275,01,02,03
527f,01,02
5283,01,02
5289,01,02,03
528d,01,02,03
5291,01,02
5292,01,02
5294,01,02,03,04
5298,01,02
52a9,01,02
52b5,01,02
52be,01,02
52c1,01,02
52c2,01
52c3,01,02
52c4,01,02
52c6,01,02
52c7,01,02,03
52c9,01,02,03
52cc,01,02,03,04,05,06,07
52ce,01
52d2,01,02
52d6,01,02
52d7,01,02,03
52d8,01,02,03,04
52db,01,02
52dd,01,02,03
52df,01,02,03
52e0,01,02
52e2,01
52e4,01,02,03,04,05,06,07,08
52e5,01,02
52e6,01,02
52e8,01,02
52ec,01,02
52ef,01
52f1,01,02
52f2,01,02
52f3,01,02
52f5,01,02
52f8,01,02,03
52f9,01,02
52fa,01,02,03
5300,01
5304,01
5305,01,02,03
5306,01,02
5307,01,02,03
5308,01,02,03,04
530b,01,02,03
530f,01,02
5315,01
5316,01,02,03
5317,01,02
5324,01,02
532c,01,02
5335,01,02
5336,01
5339,01,02,03
533b,01,02
533c,01,02,03
533d,01,02
533e,01,02,03
533f,01,02,03
5340,01,02,03
5344,01
5345,01,02
5347,01,02,03,04
534a,01,02,03
534b,01,02
5351,01,02,03
5352,01,02
535a,01,02,03,04,05,06,07,08,09,0A,0B
535e,01,02
5365,01
5368,01
536f,01,02
5371,01,02,03,04
5373,01,02
5377,01,02,03,04,05,06
5378,01,02,03
537b,01,02
537d,01,02
537f,01,02,03,04,05,06,07,08,09
5384,01,02
538b,01
5396,01,02
53a5,01,02
53a9,01,02,03,04,05,06,07,08,09,0A,0B,0C,0D
53b0,01,02
53b2,01,02
53b7,01,02
53c8,01,02
53c9,01,02,03
53ca,01,02,03,04
53ce,01,02,03
53d0,01,02,03
53d3,01,02
53d4,01,02
53d7,01
53d8,01
53db,01,02,03,04,05,06
53dc,01
53dd,01,02
53df,01,02,03,04
53e0,01
53e2,01,02
53eb,01,02
53ed,01,02
53f1,01,02,03
53f2,01,02,03
53f7,01,02
5406,01
540f,01,02,03,04
541b,01,02
541d,01,02
541f,01,02
5429,01,02
542b,01,02
542f,01,02,03
5438,01,02,03
543e,01,02
5440,01,02,03
5448,01,02,03,04
5455,01,02
5468,01,02,03
5471,01,02
5485,01,02
5486,01,02
548a,01,02
548e,01,02,03
5492,01,02
549e,01
54a2,01,02
54ac,01,02,03
54b2,01,02,03
54b5,01
54bc,01,02,03
54c9,01,02
54ce,01,02
54e0,01,02
54e8,01,02,03
54f2,01,02
54fd,01,02
54fe,01,02
5506,01,02
550c,01,02
5510,01,02,03
5527,01,02
552c,01
5533,01,02,03,04,05
5539,01,02,03
5541,01,02
5544,01,02,03,04,05,06
5546,01,02,03,04
5547,01,02
554c,01,02
5553,01,02,03
5554,01
5557,01,02
555a,01,02,03,04,05
555d,01,02
555f,01
5561,01
5568,01
556b,01
557c,01,02
5584,01,02,03,04,05,06
5586,01,02
558f,01,02
5591,01,02
5593,01,02
5599,01,02,03,04
559c,01,02,03,04,05,06
559d,01,02,03
559e,01,02
55a8,01,02
55a9,01,02,03,04
55aa,01,02
55ab,01,02,03,04,05,06
55ae,01,02,03
55b0,01,02,03
55bb,01
55c2,01
55c5,01,02
55d0,01
55d2,01,02
55d4,01,02
55dd,01,02
55de,01,02
55e2,01,02
55e3,01,02
55e4,01,02,03,04,05
55f9,01,02
5605,01,02,03,04,05
5606,01,02,03
5609,01,02,03,04,05
5614,01,02
561b,01,02
5629,01,02
562c,01,02
5630,01,02
5632,01,02,03
563c,01,02
563e,01
5642,01,02,03,04
5644,01,02
5646,01,02
5647,01,02
564c,01,02,03
5650,01,02
5660,01,02
5668,01,02,03,04,05,06,07,08,09,0A
566b,01,02
5671,01,02
5674,01,02,03,04
5676,01,02
5678,01,02,03
5680,01,02
5683,01
5684,01,02
5686,01,02
568a,01,02
5694,01,02,03
569d,01,02
569e,01,02
56a0,01,02
56a4,01
56a5,01,02,03
56a8,01,02
56ae,01,02,03,04,05,06,07
56b3,01,02
56bc,01,02
56c0,01,02,03
56c1,01,02,03,04
56c8,01,02
56cc,01,02
56ce,01,02,03,04,05
56d3,01,02,03
56db,01,02
56e2,01
56ee,01,02,03
56f6,01,02,03
5702,01,02
5708,01,02
570a,01,02
570d,01,02,03,04,05
5711,01,02,03
5716,01,02,03
5717,01,02
571b,01,02
5723,01,02
572c,01,02
572d,01,02,03
5734,01,02
5747,01,02,03
5748,01
576a,01,02,03
5774,01,02
577a,01,02
577d,01
5789,01,02
578b,01,02
5793,01,02
5794,01,02
5795,01,02
579d,01,02
57aa,01,02
57c8,01,02
57ce,01,02,03,04,05
57d2,01,02
57d3,01,02,03
57d5,01,02
57d6,01,02,03
57e2,01
57e5,01
57e7,01,02
57ea,01,02
57f4,01,02,03,04
57f6,01,02
57f8,01,02
5805,01,02
5807,01,02
580b,01,02,03
580d,01,02
5819,01,02,03
581f,01,02
582f,01,02
5830,01,02,03
5831,01,02
5832,01,02
5834,01,02
5835,01,02,03
5837,01
583d,01,02,03
5840,01,02,03
584a,01,02
584c,01,02
584d,01,02
5851,01,02
5854,01,02
5858,01,02,03
5859,01,02,03,04
585a,01,02,03,04,05,06
585f,01,02
5863,01
5867,01,02
5869,01,02
5870,01,02,03
5874,01
587c,01,02,03
587d,01
5880,01,02
5881,01,02
5883,01,02
588d,01,02,03
5890,01,02
5893,01,02
589c,01,02,03,04
589e,01,02
589f,01,02
58a8,01,02,03
58ab,01,02,03,04
58b3,01,02
58b8,01,02,03
58ba,01,02
58c4,01,02
58c7,01,02
58ca,01,02
58ce,01,02
58d0,01,02
58d2,01,02
58d3,01,02,03
58d5,01,02
58d9,01,02
58dd,01,02
58df,01,02
58e0,01,02
58e1,01,02
58e5,01,02
58f3,01,02
58f4,01,02
58f7,01,02
58fa,01,02
58fd,01,02,03
5900,01,02,03,04
5903,01
5905,01,02
5906,01,02,03
590a,01,02
590c,01,02
590f,01,02,03
5910,01,02,03
5912,01,02
5913,01,02
5914,01,02,03
5916,01,02
5917,01
591b,01,02,03,04
5922,01,02,03
5927,01
5937,01,02
5938,01,02
5944,01,02
5946,01,02
594f,01
5951,01,02,03,04,05,06
5953,01,02,03
5954,01,02
5956,01,02
5958,01,02,03
595d,01,02
595f,01,02
5960,01,02,03,04,05,06
5962,01,02,03
5963,01,02
5965,01,02
5969,01,02
596c,01,02,03
5970,01
5972,01,02
5973,01
5981,01,02
5983,01,02
5984,01,02,03
599b,01,02
59a0,01
59a5,01,02,03
59bb,01,02
59c9,01
59cd,01,02
59d8,01
59da,01,02,03
59e3,01,02
59ec,01,02,03
59f8,01,02
59ff,01,02,03,04
5a01,01,02
5a19,01
5a1c,01,02,03
5a27,01,02
5a29,01,02,03
5a36,01,02,03
5a41,01,02
5a48,01,02
5a4c,01,02
5a58,01
5a64,01
5a66,01,02,03
5a67,01,02
5a6c,01,02
5a7e,01,02
5a8d,01
5a96,01,02
5a9b,01,02,03
5aa2,01,02
5ab5,01,02
5aba,01,02,03,04,05
5abe,01,02,03,04
5abf,01,02
5ac1,01,02
5ac2,01,02,03,04
5ac3,01,02
5ac6,01,02
5acb,01,02
5acc,01,02,03
5acf,01,02
5ad7,01,02
5ada,01,02,03
5adb,01
5adc,01,02
5adf,01
5ae1,01,02
5ae2,01
5ae4,01
5aeb,01
5af8,01
5b05,01
5b0d,01
5b1a,01
5b28,01
5b2a,01,02
5b34,01,02,03,04
5b36,01,02
5b3e,01,02
5b5a,01,02,03
5b64,01,02,03
5b69,01,02
5b6b,01,02
5b70,01,02
5b73,01,02,03
5b75,01,02
5b76,01,02
5b7c,01,02,03
5b7d,01,02
5b82,01,02
5b85,01,02
5b90,01,02,03
5ba3,01,02,03
5ba4,01,02
5bac,01,02
5bad,01,02
5bb2,01,02
5bb3,01,02,03,04,05,06
5bb5,01,02,03
5bb6,01,02
5bbb,01
5bc0,01,02
5bc3,01,02,03,04
5bc5,01,02
5bc7,01,02
5bc8,01
5bcf,01,02
5bd0,01,02
5bd2,01,02,03
5bd5,01
5bd7,01,02,03,04
5bd9,01,02
5bdb,01,02,03,04
5bde,01,02
5be2,01,02
5be4,01,02
5be5,01,02
5be7,01,02,03
5be8,01
5bec,01,02,03,04
5bed,01,02
5bf5,01,02,03
5bf6,01,02,03
5bfd,01,02
5bff,01,02
5c02,01,02
5c04,01,02
5c06,01,02,03,04
5c07,01,02,03,04
5c08,01,02
5c09,01,02
5c0a,01,02,03,04,05
5c0b,01,02,03,04
5c0e,01,02,03
5c0f,01,02
5c19,01,02
5c23,01,02
5c28,01,02,03,04
5c2d,01,02,03
5c39,01,02
5c44,01
5c46,01,02
5c4b,01,02
5c4f,01,02
5c51,01,02,03
5c53,01,02
5c55,01,02
5c58,01
5c60,01,02,03
5c64,01,02,03
5c65,01,02
5c6e,01,02,03
5c6f,01,02
5c75,01,02
5c88,01,02
5c8b,01
5c8c,01,02
5c8d,01,02,03
5c91,01,02
5c94,01,02
5ca9,01,02
5cad,01,02
5cb8,01,02
5cba,01,02
5cbb,01,02
5cbc,01,02
5cc0,01
5cd5,01
5ced,01,02
5cf6,01,02,03
5cfa,01,02
5cfb,01,02,03
5cfc,01
5d06,01,02
5d0b,01,02
5d0e,01,02
5d19,01,02
5d1a,01,02
5d1d,01,02
5d21,01
5d22,01,02
5d27,01,02
5d29,01,02,03
5d2a,01
5d3f,01,02
5d41,01
5d43,01,02
5d45,01
5d46,01,02
5d4e,01
5d53,01,02
5d69,01,02
5d6b,01
5d6e,01
5d76,01,02
5d7a,01,02
5d82,01,02
5d87,01,02,03
5d90,01,02
5d92,01,02
5d99,01,02
5db2,01,02,03
5dc1,01
5dc3,01,02,03
5dc9,01,02,03
5dcc,01
5dcd,01,02,03,04
5dce,01,02
5dd3,01,02,03,04
5dd6,01,02,03,04
5dd9,01,02,03
5ddf,01
5de1,01,02,03
5de2,01,02,03
5de4,01,02
5de5,01,02,03
5de6,01,02
5de8,01,02,03
5de9,01,02
5dee,01,02,03
5df1,01,02,03
5df7,01,02,03,04
5df8,01,02,03
5dfb,01,02,03,04
5dfd,01,02,03,04
5e06,01
5e09,01
5e0c,01,02
5e13,01
5e1a,01,02
5e1d,01,02,03
5e23,01
5e28,01,02
5e2b,01,02,03,04
5e2e,01,02
5e2f,01,02
5e30,01,02,03,04
5e3d,01,02,03
5e3e,01,02
5e42,01
5e43,01,02,03,04
5e54,01,02,03
5e55,01,02
5e59,01
5e5b,01,02
5e5f,01,02
5e62,01,02
5e63,01,02,03
5e64,01,02,03,04
5e69,01
5e6a,01,02,03
5e6d,01,02,03,04
5e6f,01,02
5e70,01,02
5e73,01,02,03
5e74,01,02
5e75,01,02,03
5e78,01,02
5e7e,01,02,03,04
5e92,01
5e95,01,02
5e96,01,02,03
5ea6,01,02
5ea7,01
5eac,01,02,03
5ead,01,02,03,04
5eb3,01,02
5eb6,01,02
5eb7,01,02
5eb8,01,02,03
5eb9,01,02
5ebb,01
5ebe,01,02
5ebf,01,02
5ec9,01,02,03
5eca,01,02,03,04
5ecb,01,02,03
5ecf,01,02,03
5ed0,01,02,03,04,05,06,07
5ed1,01,02
5ed6,01,02
5ed9,01,02
5edf,01,02,03
5ee0,01,02,03
5ee3,01,02,03,04,05,06,07,08,09,0A,0B,0C
5ef4,01,02
5ef6,01,02,03,04,05
5ef7,01,02,03,04
5ef8,01,02,03,04
5ef9,01,02
5efa,01,02,03,04
5efb,01,02,03
5efc,01,02,03
5efd,01,02
5efe,01,02
5f01,01,02,03
5f02,01,02
5f09,01,02,03
5f0a,01,02,03
5f0d,01,02,03
5f0e,01,02
5f13,01,02,03
5f14,01,02
5f15,01,02
5f16,01,02
5f17,01,02
5f18,01,02
5f1f,01,02
5f20,01
5f21,01,02
5f22,01,02
5f25,01,02,03,04
5f27,01,02
5f29,01,02
5f2d,01,02,03
5f2e,01,02
5f31,01,02,03
5f38,01,02,03
5f44,01,02
5f45,01,02,03,04,05,06
5f48,01,02
5f4c,01,02,03
5f50,01,02,03,04
5f55,01,02,03
5f56,01,02,03
5f57,01,02,03
5f5a,01,02,03,04
5f5c,01,02
5f5e,01
5f60,01,02,03
5f62,01,02,03
5f67,01,02
5f69,01,02,03
5f6a,01,02,03
5f6b,01,02,03
5f70,01,02
5f74,01,02
5f80,01,02,03
5f86,01
5f8b,01,02
5f8c,01,02
5f8f,01,02
5f90,01,02
5f91,01,02
5f93,01,02
5f98,01,02,03
5f9e,01,02
5fa1,01,02,03,04,05,06
5fa4,01,02
5fab,01,02
5fac,01,02
5fae,01,02,03,04,05
5fb2,01
5fb3,01,02
5fb5,01,02,03
5fb7,01,02
5fbd,01,02,03
5fbf,01
5fcd,01,02,03,04
5fd8,01,02,03
5fd9,01,02,03
5fdd,01
5fde,01,02
5fdf,01
5fe3,01
5fed,01,02
5ff0,01,02
5fff,01,02
601c,01,02
6025,01,02,03
6026,01,02
6038,01
6044,01
604a,01,02
6050,01,02,03,04
6054,01,02
605d,01,02,03
6062,01,02,03,04,05
6065,01,02,03
6071,01,02,03
6075,01,02,03
607e,01,02,03
607f,01,02
6081,01,02
6084,01,02
608b,01,02
608e,01,02
6094,01,02,03
6097,01,02,03,04,05
6099,01,02
609c,01
609e,01
609f,01,02
60a4,01,02,03,04
60a8,01,02
60b2,01,02,03
60b3,01,02,03
60be,01,02
60c5,01,02,03
60c6,01,02
60c7,01,02
60d3,01,02
60d8,01,02,03,04
60dd,01,02
60e0,01,02,03,04,05
60e5,01,02
60e7,01,02
60f9,01,02
6107,01,02
6108,01,02,03,04,05
6109,01,02,03
610c,01,02
610f,01,02,03
6111,01,02
6112,01,02
6114,01,02
6115,01,02
6116,01,02
611b,01,02,03
613a,01,02
613c,01,02,03,04
613d,01,02,03,04
613f,01,02
6148,01,02,03,04,05
614a,01,02
614c,01,02,03,04
614e,01,02,03
6154,01
6155,01,02
615c,01
615d,01,02,03
615e,01,02
6162,01,02,03
6165,01,02,03
6167,01,02,03,04,05
6168,01,02,03,04,05,06,07,08,09,0A,0B,0C,0D,0E,0F
6171,01,02,03
6174,01,02
6176,01,02
6178,01,02
617a,01,02,03
617f,01,02
6181,01,02
6182,01,02,03
618a,01,02
618e,01,02,03
6190,01,02,03,04
6193,01,02
619b,01
61a4,01,02,03,04
61a7,01,02
61af,01
61b2,01,02,03,04,05,06
61b4,01
61b6,01,02
61bc,01,02
61bd,01
61c2,01,02
61ca,01,02
61cb,01,02
61cc,01,02,03
61d0,01,02
61d5,01,02
61de,01,02,03
61e5,01,02
61e9,01,02
61ec,01,02
61ed,01,02
61f2,01,02,03,04,05,06,07
61f5,01,02
61f6,01,02
61f8,01
61fb,01
61fd,01,02
61fe,01,02,03
61ff,01,02
6205,01
6207,01,02
620e,01,02
6210,01,02,03,04,05,06
6214,01,02
621a,01,02
621b,01,02
6220,01,02,03
6222,01,02
622e,01,02
6230,01,02
6233,01,02
6234,01,02
623b,01,02,03
623f,01,02,03,04
6240,01,02,03
6241,01,02,03
6246,01,02
6247,01,02,03
6248,01,02,03
6249,01,02,03,04,05,06,07
624d,01,02
625a,01,02
625d,01
6260,01,02
6268,01,02,03,04,05
626e,01,02
6271,01,02,03
6280,01,02
6283,01,02
6286,01
6295,01,02
62a3,01
62a8,01,02
62b1,01,02,03
62cc,01,02,03
62cf,01
62d0,01,02,03,04,05,06
62d2,01,02,03
62d3,01,02
62d4,01,02,03
62f3,01,02,03
62f4,01,02
62f7,01,02,03
62fc,01,02
6308,01,02,03,04
6327,01,02
633a,01,02,03
633c,01,02
633d,01,02,03
6344,01,02
634a,01,02
634b,01,02,03
634c,01
634d,01,02
634e,01,02
6350,01,02
6353,01,02
6354,01,02
6357,01,02,03
6367,01
6368,01,02,03
6369,01,02,03
636e,01,02,03
6372,01,02,03
6383,01,02,03
6388,01
6392,01,02,03
6395,01,02
63a1,01,02,03
63a7,01,02,03
63a9,01,02
63be,01,02,03
63c2,01
63c3,01,02,03
63c4,01,02
63c5,01,02,03
63c6,01
63cf,01,02
63d1,01,02
63d6,01,02
63da,01,02
63de,01
63e0,01,02
63e5,01,02
63ec,01,02
63f3,01,02,03
63f4,01,02,03
63f5,01,02
6406,01,02,03
640d,01,02
640f,01,02,03
6412,01,02
641c,01,02,03
6422,01,02
6424,01,02
6425,01,02
6426,01,02
6428,01,02,03,04
6429,01,02
642d,01,02
642f,01,02
643d,01,02
6442,01,02,03
644e,01,02
6452,01,02
6453,01,02
6455,01
6458,01,02
6459,01
645b,01,02
6460,01,02,03
6461,01,02
6466,01
6469,01,02,03
646d,01,02
646f,01
6473,01,02
6477,01
6478,01,02
6479,01,02
647a,01,02,03
6490,01,02,03
6497,01,02
649b,01,02
649e,01,02
64a2,01
64b0,01,02,03
64b9,01,02
64bb,01,02
64be,01,02
64c4,01,02
64ca,01,02
64cd,01,02
64ce,01,02
64d2,01,02
64da,01,02,03
64e2,01,02,03
64e4,01,02
64ea,01,02,03
64ed,01,02
64ef,01,02
64f2,01,02,03,04,05
64f4,01,02,03,04,05
64f6,01,02,03
64ff,01,02,03
6507,01
650f,01,02
6514,01,02
651d,01,02,03,04,05
6524,01,02
652c,01,02
652f,01,02
6534,01,02
6535,01,02,03
6538,01,02
653f,01,02
654f,01,02,03
6551,01,02
6556,01,02
655d,01,02,03,04
655e,01,02,03
6562,01,02,03
6566,01,02
6569,01
656c,01,02,03
656d,01
6572,01,02
6575,01,02
6577,01,02,03
6578,01,02,03,04
657a,01,02
6581,01,02
6583,01,02,03,04
6587,01,02,03
6588,01,02
6589,01,02,03
658e,01,02,03
6590,01,02,03,04
659c,01,02,03
659f,01,02
65a5,01,02
65a7,01,02,03
65b2,01,02
65b4,01,02
65b5,01,02
65b7,01,02
65bc,01
65c1,01,02
65c5,01,02,03
65c9,01,02
65d8,01,02
65dd,01
65de,01,02
65df,01
65e1,01,02,03,04,05
65e2,01,02,03,04,05
65e3,01,02
65e5,01,02
65f2,01,02
65f3,01
65f9,01,02
65fa,01,02
65fb,01,02
65fd,01
65fe,01,02
6600,01,02
6602,01,02
6607,01,02,03
6608,01,02,03
660b,01
660d,01,02
660e,01,02,03
660f,01,02
661d,01,02
661e,01,02,03,04
6621,01,02
6624,01,02
6626,01,02
662c,01,02
6636,01,02
663c,01,02
6647,01
6648,01,02,03
664b,01,02
6653,01
6659,01,02
665f,01,02,03,04,05,06,07
6666,01,02,03
6667,01,02,03
6669,01
666b,01,02
666d,01,02
666e,01
6674,01,02,03,04,05
6676,01,02
6677,01,02,03,04
6680,01,02
6681,01,02,03
668e,01,02,03
6690,01,02
6691,01,02,03
6695,01
6696,01,02,03
6697,01,02,03
669a,01,02
669c,01,02
66a0,01,02
66a4,01,02
66ad,01,02
66ae,01,02
66b1,01,02,03
66b3,01,02,03,04
66b5,01
66b8,01,02
66b9,01,02
66ba,01
66bc,01,02
66c1,01,02,03,04,05,06,07
66c3,01,02
66c4,01,02
66c5,01
66c8,01,02
66c9,01,02
66cc,01,02
66cf,01,02,03,04
66d6,01,02
66d9,01,02,03
66da,01,02,03
66dc,01,02,03
66de,01
66e0,01,02,03,04
66e7,01
66e8,01,02,03
66f4,01,02,03
66f5,01,02,03,04
66f7,01,02,03
66f8,01,02,03
66fb,01,02,03,04
66fc,01,02,03
66fe,01,02,03,04
66ff,01,02
6700,01,02,03
6701,01,02,03
6703,01,02,03
6707,01,02,03
6708,01,02,03
6709,01,02,03
670b,01,02,03
670d,01,02,03
670e,01,02
6713,01,02
6714,01,02,03,04
6715,01,02,03,04
6717,01,02,03,04,05,06,07
6719,01,02
671a,01
671b,01,02,03,04,05,06,07,08,09,0A
671d,01,02,03,04
671e,01,02,03
671f,01,02,03
6720,01,02
6721,01
6722,01,02,03,04
6723,01
6726,01,02,03
6727,01,02
6748,01,02
6750,01,02,03,04
6753,01,02,03
6756,01,02,03,04,05,06
6757,01
675c,01,02
675e,01,02,03
6761,01,02,03
6766,01,02
6768,01,02
676d,01,02
677e,01,02,03
6781,01,02
6783,01
6785,01,02,03
6788,01
678c,01,02
6792,01,02
6794,01
6795,01,02
67a1,01,02,03
67a6,01,02,03
67a9,01,02,03,04
67b0,01,02
67b9,01,02
67c4,01,02,03
67c8,01,02
67ca,01,02,03
67d4,01,02,03
67d7,01,02
67d8,01,02
67dc,01,02
67df,01
67e7,01,02,03
67ed,01
67f1,01,02,03
67f3,01,02
67f9,01,02
67fa,01,02
67fb,01,02
67fc,01,02
6801,01,02,03
6802,01
6803,01,02
6813,01,02,03
6814,01,02,03
6816,01,02
681d,01,02
681f,01,02,03,04
6821,01,02,03
6825,01
6829,01,02
6832,01,02
6834,01,02
6838,01,02
6840,01,02,03,04
6843,01
6845,01,02
6852,01,02,03,04,05
6855,01,02
685d,01,02,03,04,05
685f,01,02
686f,01,02
6874,01,02
6875,01,02
687a,01,02,03,04,05
6881,01,02,03
6883,01,02
6884,01,02
6885,01,02,03
6886,01,02
6889,01
688d,01
688f,01,02
6897,01,02,03
689a,01,02
689b,01,02,03
689d,01,02,03
689f,01,02
68a2,01,02,03
68a5,01,02,03
68ad,01,02
68b5,01,02
68c4,01,02
68c8,01,02,03
68cc,01,02
68cf,01,02
68d0,01,02
68da,01,02,03
68e6,01
68fb,01,02
6900,01,02
6902,01
6903,01,02
6906,01,02
6907,01,02
690c,01,02
690d,01,02,03,04,05,06,07
6911,01,02
6914,01
6916,01,02
691b,01,02,03
6926,01,02
6930,01,02,03
6931,01,02
6932,01
6939,01,02,03
693d,01,02,03,04
6946,01,02
6949,01,02
6954,01,02,03,04
6956,01
6957,01,02
695b,01,02
695e,01,02,03,04,05
6961,01,02
6962,01,02,03,04,05
696b,01,02,03
696d,01,02
696e,01,02
696f,01,02,03,04,05
6982,01,02,03,04,05
6986,01,02
698a,01,02,03
698f,01
6991,01,02,03
6992,01,02
6994,01,02,03,04
6998,01,02
699c,01,02
69a3,01,02
69a6,01,02
69a7,01,02,03
69b6,01
69ba,01,02,03,04
69bb,01,02,03,04
69bd,01
69c1,01,02,03
69c4,01
69c7,01,02,03
69cb,01,02,03
69cc,01,02,03
69cf,01,02,03
69d9,01,02,03,04
69e2,01,02,03
69e4,01
69e9,01,02,03
69ea,01,02,03,04
69eb,01,02,03
69f1,01,02
69fe,01,02,03
69ff,01,02,03,04,05
6a01,01,02
6a02,01,02
6a0b,01,02,03,04,05
6a13,01,02,03,04,05
6a14,01,02
6a17,01,02
6a1b,01,02
6a1e,01,02
6a1f,01,02
6a20,01,02
6a21,01,02
6a23,01,02
6a27,01
6a2a,01,02,03,04
6a2e,01,02
6a33,01,02
6a34,01,02
6a36,01,02
6a39,01,02
6a3a,01,02
6a3d,01,02,03
6a44,01,02,03
6a49,01,02
6a55,01
6a59,01,02
6a5a,01,02
6a5d,01
6a5e,01,02
6a5f,01,02,03
6a61,01,02
6a66,01,02
6a67,01,02,03
6a73,01,02,03,04
6a7f,01,02
6a80,01,02,03
6a89,01,02
6a8d,01,02
6a8e,01,02,03
6a90,01,02,03
6a94,01,02,03
6a96,01
6a9b,01,02
6a9c,01,02,03,04,05
6a9e,01,02
6aa0,01,02
6aa2,01,02
6aa8,01
6aac,01,02,03,04
6ab3,01,02,03
6ab4,01,02
6ab8,01,02
6abc,01
6ac2,01,02
6ace,01
6ad4,01,02,03,04,05
6ad6,01,02
6adb,01,02,03,04,05,06
6adc,01,02
6add,01,02
6ade,01,02,03,04
6ae4,01,02
6af3,01,02
6b02,01,02
6b04,01,02,03
6b07,01,02
6b0a,01,02,03
6b13,01
6b17,01,02,03
6b1d,01,02,03
6b1f,01,02
6b21,01,02,03,04
6b24,01,02,03,04
6b2c,01,02
6b2e,01
6b3f,01,02
6b46,01,02
6b47,01,02
6b49,01,02
6b4e,01,02,03,04
6b50,01,02
6b54,01,02
6b55,01
6b59,01,02
6b61,01,02,03
6b62,01,02
6b6f,01,02
6b70,01,02,03
6b72,01,02,03,04,05
6b73,01,02,03
6b78,01,02
6b7b,01,02
6b8d,01,02
6b96,01
6b9f,01,02
6ba9,01,02
6baf,01,02,03
6bb0,01,02
6bb3,01,02
6bb8,01,02
6bba,01,02,03
6bbb,01,02,03
6bbc,01,02
6bc5,01,02
6bc6,01,02
6bcb,01,02
6bd2,01,02
6bd3,01,02,03
6bfa,01
6c03,01
6c08,01,02,03,04,05,06
6c0e,01,02
6c10,01,02
6c13,01,02,03,04
6c14,01,02
6c1b,01,02
6c38,01
6c3a,01
6c42,01,02,03
6c47,01
6c4d,01,02
6c4e,01,02
6c52,01,02
6c5b,01,02
6c5f,01,02
6c67,01,02,03,04,05
6c6a,01,02
6c6d,01,02,03
6c72,01,02,03
6c74,01,02
6c76,01,02
6c7e,01,02
6c84,01,02
6c88,01,02,03
6c97,01,02,03
6ca0,01
6ca1,01,02
6caa,01,02,03,04,05
6cb7,01
6cbf,01,02,03,04,05
6cc9,01,02
6cd2,01,02,03
6cd9,01,02
6ce1,01,02,03
6ce7,01,02
6ce8,01,02,03,04
6cf0,01,02,03
6cf3,01,02
6cfb,01,02
6d01,01,02
6d1a,01,02
6d25,01,02,03
6d29,01,02
6d2f,01,02
6d34,01,02
6d3a,01
6d3e,01,02,03,04
6d3f,01,02
6d41,01,02
6d69,01,02,03
6d6e,01,02,03
6d77,01,02,03,04,05
6d78,01,02,03
6d82,01,02
6d88,01,02,03
6d8e,01,02
6da6,01
6dac,01,02
6db5,01,02
6db6,01
6dbf,01,02,03
6dc3,01,02
6dca,01,02
6dcc,01,02
6dcd,01
6dce,01,02
6dcf,01,02
6ddc,01
6dde,01,02
6de4,01
6de8,01,02
6deb,01,02,03
6df3,01,02
6df5,01,02,03,04
6df9,01,02
6dfb,01,02,03
6e03,01
6e05,01,02
6e08,01
6e13,01,02
6e1a,01,02,03,04
6e1d,01,02
6e20,01,02
6e23,01,02,03,04
6e27,01,02
6e2e,01,02
6e2f,01,02,03,04
6e32,01,02
6e33,01
6e36,01,02
6e4b,01,02
6e4e,01,02
6e52,01,02
6e5b,01,02,03,04
6e60,01
6e61,01
6e67,01,02
6e6e,01,02,03,04
6e6f,01,02
6e71,01
6e72,01,02,03
6e74,01
6e7c,01
6e7e,01,02,03
6e80,01,02,03
6e8d,01,02
6e8f,01,02
6e90,01,02
6e93,01,02
6e9d,01,02,03
6ea2,01,02,03,04,05
6ea5,01,02
6eaa,01,02
6eb2,01,02,03,04
6eba,01,02,03
6ebf,01,02
6ec2,01,02
6ec7,01,02
6ecb,01,02,03,04,05,06
6ed4,01,02
6ed5,01,02,03,04
6edb,01,02,03,04,05
6eec,01,02,03
6ef0,01
6ef4,01,02
6efe,01,02,03
6eff,01,02,03,04,05
6f01,01,02
6f0c,01,02
6f11,01,02,03,04,05,06,07,08,09
6f13,01,02
6f19,01,02
6f1a,01,02
6f20,01,02
6f22,01,02,03,04,05,06,07
6f23,01,02,03
6f28,01
6f2b,01,02
6f2d,01,02
6f33,01,02
6f3b,01,02,03
6f3d,01
6f3e,01,02,03
6f51,01
6f53,01,02,03
6f54,01,02,03,04,05
6f5b,01,02,03,04,05,06,07
6f62,01,02,03
6f64,01,02,03,04
6f6b,01
6f6d,01,02,03
6f6e,01,02,03
6f6f,01,02
6f74,01,02,03
6f78,01,02
6f7c,01,02
6f7e,01,02,03
6f7f,01
6f80,01,02,03
6f82,01,02,03
6f94,01,02
6f98,01,02,03
6f9a,01,02,03
6fa0,01,02
6fa1,01,02
6fa4,01,02,03
6fab,01,02,03
6faf,01,02
6fb3,01,02
6fb7,01,02
6fbe,01,02
6fc2,01,02
6fc4,01
6fc6,01,02
6fc8,01,02
6fd8,01,02
6fdb,01,02,03
6fe0,01,02
6fe8,01,02,03
6fe9,01,02
6fea,01,02,03
6fec,01,02
6fef,01,02,03,04
6ff1,01,02,03
6ff5,01,02
6ff9,01,02,03
6fff,01
7000,01,02
7001,01,02
7006,01,02
7007,01,02
700e,01
7010,01
7013,01
7015,01,02,03
7017,01,02
701a,01,02
701b,01,02,03,04,05,06
701e,01,02,03,04,05,06,07,08,09
701f,01,02
7021,01
7022,01
7026,01,02,03
7027,01,02,03,04,05,06,07,08,09,0A
702a,01
7037,01,02
703e,01,02
7041,01
7044,01,02
7047,01,02
704a,01,02,03
704c,01,02
7055,01,02
7058,01,02,03,04
7061,01,02
7068,01
706e,01,02,03
7070,01,02,03
7075,01,02
7077,01
7078,01,02,03
707c,01,02,03
707d,01,02
7081,01,02
7089,01,02
708d,01
7098,01,02
70ac,01,02
70ad,01,02,03
70ae,01,02
70b3,01,02
70b7,01,02
70e3,01
70e4,01,02
7108,01,02,03
710f,01,02
7118,01
7122,01
712b,01,02
712d,01,02
7136,01,02
7141,01,02
7149,01,02,03
714e,01,02,03
7150,01,02
7152,01,02,03,04
7156,01,02
7159,01,02,03
7162,01,02,03,04
716e,01,02,03
717a,01
717d,01,02,03,04,05
7188,01,02,03,04
7194,01,02,03
7196,01,02
7199,01,02
719c,01
71a2,01,02
71a5,01
71ae,01,02
71b3,01,02,03
71bb,01
71be,01,02
71bf,01,02
71c1,01,02,03,04,05
71c2,01
71cc,01,02
71d0,01,02,03,04
71d3,01,02
71d5,01,02,03
71e0,01,02
71e7,01,02,03,04
71ee,01,02,03
71f5,01,02
71fb,01,02
71fd,01
71ff,01,02,03
7207,01,02
7209,01,02
7215,01,02
7217,01,02
721b,01,02
721f,01,02
7224,01,02,03
7228,01,02,03,04,05
722b,01,02,03
722f,01,02,03
7230,01,02
7231,01
7232,01,02,03,04
7235,01,02,03,04
7236,01,02,03
7238,01,02
7239,01,02
723a,01,02,03
723b,01,02,03
723e,01,02,03
7240,01,02
7246,01,02
7247,01,02,03,04
724c,01,02,03
7250,01,02
7253,01,02
7255,01,02
7257,01,02
7259,01,02,03,04
725a,01,02
7263,01,02
727d,01,02
727f,01,02
7280,01,02,03
7282,01,02
7297,01
72ae,01,02,03
72af,01,02
72b3,01
72ca,01
72d0,01,02,03
72e1,01,02,03
72f7,01,02
72fb,01,02
731c,01,02,03
732a,01,02,03,04
732b,01,02
7330,01
7336,01,02,03,04,05,06
7337,01,02,03,04
7348,01
734d,01,02
734f,01,02
7350,01,02
7352,01,02
735e,01,02
7363,01,02
7366,01,02
7370,01,02
7372,01,02
7378,01,02
737a,01,02
7381,01,02
7387,01,02,03
7388,01
7389,01,02
738b,01
7393,01,02
7398,01,02
739f,01,02
73a1,01
73a3,01
73aa,01,02,03
73af,01
73b2,01,02
73b6,01
73ba,01,02
73ca,01,02,03,04,05,06
73ce,01,02,03
73dd,01,02
73e5,01,02,03
73e6,01,02
73ea,01,02
73ec,01
73ed,01,02,03
73f3,01
73f5,01,02
73f9,01,02
73fb,01,02
73fd,01,02
7408,01
740a,01,02
7422,01,02,03,04,05
7424,01,02,03
7425,01,02
742a,01,02
742c,01,02
7431,01,02
7432,01,02,03
7434,01,02,03
743d,01
7441,01,02,03
7447,01,02
744a,01
744b,01,02,03
7451,01,02
7459,01,02
745b,01,02
745c,01,02,03
745f,01,02,03
7462,01,02,03
7463,01,02
7465,01
7468,01,02
746c,01,02
746e,01,02
746f,01,02
7471,01,02,03,04,05
7474,01
7476,01,02
7479,01
747c,01
747e,01,02,03,04
7481,01,02
7483,01,02
7485,01,02
7488,01,02
7489,01,02
748a,01
748b,01,02
7498,01,02
749c,01,02
74a1,01,02
74a2,01,02
74a3,01,02,03
74a5,01,02
74a6,01,02,03
74a9,01,02
74ad,01
74b0,01,02,03
74b2,01,02
74bd,01
74bf,01,02,03,04
74c1,01
74c4,01
74ca,01,02,03,04
74cb,01,02
74cf,01,02
74d3,01,02
74d8,01,02,03
74da,01,02
74dc,01,02,03,04
74de,01,02
74df,01,02,03
74e0,01,02,03,04
74e2,01,02
74e3,01,02,03
74e4,01,02
74e6,01,02
74ee,01,02
74ef,01,02,03
74f0,01,02
74f4,01,02,03
7501,01,02
7504,01,02,03,04,05
7506,01,02,03
750c,01,02,03
750d,01,02,03,04,05
750e,01,02
7511,01,02,03,04,05,06,07
7515,01,02,03,04,05
7518,01,02
751a,01,02
7526,01,02,03
7527,01,02
752c,01,02
7537,01,02
7539,01,02
753b,01,02,03,04
753e,01,02
7543,01,02
7547,01,02
7554,01,02,03
7559,01,02,03
755d,01,02,03
755f,01,02
7561,01,02
756e,01
7570,01,02,03
7583,01
758f,01,02
75ab,01,02
75b1,01,02
75bc,01,02,03
75c5,01
75ca,01,02
75ce,01,02
75d0,01
75dc,01,02
75fb,01
7600,01,02
7603,01,02
7608,01,02,03,04
7609,01,02
7616,01,02
761b,01,02,03
761f,01,02
7622,01,02
7626,01,02,03
7627,01,02
7629,01,02
7634,01,02
763c,01,02
7641,01,02
7647,01,02
7650,01
7652,01,02,03,04
7658,01,02
7662,01,02,03,04
7664,01
7665,01,02
7669,01,02,03
7671,01,02
7672,01,02,03,04,05
767a,01,02
767d,01,02
7680,01,02
7682,01,02
7684,01,02,03
768a,01
768b,01,02
768d,01,02
768e,01,02
7693,01,02,03
7697,01
769c,01,02
769e,01,02
76a3,01,02,03
76a7,01,02
76b0,01,02
76b4,01,02
76b6,01,02
76b7,01,02
76c6,01,02,03,04
76c8,01,02
76ca,01,02,03,04,05
76d4,01,02,03
76db,01,02,03,04,05
76df,01,02,03
76e1,01,02
76e3,01,02
76f2,01,02,03
76f4,01,02,03,04,05,06,07,08,09
76fb,01,02
7704,01,02
7714,01,02
771e,01,02,03,04,05,06
771f,01,02,03,04,05,06,07,08,09
772b,01
7737,01,02,03
7739,01,02
773a,01
773e,01,02,03
7740,01,02
774a,01,02
775b,01,02
776a,01,02
776d,01
7770,01,02
7779,01,02
777e,01
777f,01,02
7784,01,02
7787,01
778b,01,02
778d,01
778e,01,02,03
7795,01,02
77a2,01,02,03
77a5,01,02,03
77ac,01,02,03,04
77b1,01,02
77b3,01,02
77b5,01,02
77c5,01
77c6,01
77c7,01,02,03
77cc,01,02
77d2,01,02
77d4,01
77d7,01,02
77e9,01,02,03
77f1,01,02
77f3,01,02
7802,01,02
7809,01,02
7810,01
7811,01,02
7831,01
7832,01,02,03
783a,01
7842,01
784e,01,02
784f,01,02,03,04
785d,01,02,03
785e,01,02
786b,01,02
786c,01,02,03
786e,01,02
7874,01,02
787a,01,02
787b,01
787c,01,02,03
7883,01
788c,01,02
7891,01,02,03
78a3,01,02
78a4,01,02
78aa,01,02
78b0,01,02
78ba,01,02
78bb,01,02
78c1,01,02
78c2,01
78c4,01
78c5,01,02
78cc,01,02
78cd,01
78cf,01
78d3,01,02
78d4,01,02,03,04,05
78e8,01,02,03
78ef,01,02,03,04
78f7,01,02
78f9,01,02
7907,01,02
791a,01,02
791e,01,02
7920,01,02
7926,01,02,03
792a,01,02,03
792e,01,02
7931,01,02
7932,01
7934,01,02,03,04,05
7936,01
793a,01,02,03
793c,01,02,03
793d,01,02
793e,01,02,03,04
793f,01,02,03,04
7940,01,02,03,04,05,06
7941,01,02,03
7944,01,02
7945,01,02
7946,01,02
7947,01,02,03,04
7948,01,02,03
7949,01,02,03
794a,01,02
794b,01,02
794c,01
794f,01,02
7950,01,02,03,04
7951,01,02
7953,01,02,03,04,05,06,07
7954,01,02
7955,01,02
7956,01,02,03,04
7957,01,02,03,04
7958,01,02,03,04
7959,01
795a,01,02,03
795b,01,02
795c,01,02
795d,01,02,03
795e,01,02,03
7960,01,02
7961,01
7962,01,02,03,04,05,06,07
7963,01
7965,01,02,03,04
7966,01
7967,01,02
796b,01,02
796c,01
796e,01,02
7970,01,02,03
7971,01,02
7972,01,02
7973,01
7974,01
797a,01,02
797b,01,02
797c,01,02
797e,01,02,03
797f,01,02
7980,01,02
7982,01,02
7983,01
7984,01,02,03
7985,01,02
7988,01
798a,01,02,03,04,05,06
798b,01,02
798c,01,02
798d,01,02,03,04
798e,01,02,03
798f,01,02,03,04,05
7991,01,02
7992,01,02
7993,01,02
7994,01,02
7995,01,02,03,04,05,06,07,08
7996,01,02
7997,01
7998,01,02,03
799a,01
799b,01,02,03
799d,01,02,03,04
799e,01
799f,01
79a0,01
79a1,01,02
79a5,01
79a6,01,02
79a7,01,02,03,04,05
79a8,01,02,03
79a9,01,02,03
79aa,01,02,03,04
79ab,01,02,03
79ac,01
79ad,01,02
79ae,01,02,03
79af,01,02
79b0,01,02,03,04,05
79b1,01,02,03,04
79b3,01,02
79b4,01,02
79b8,01,02
79ba,01
79bb,01,02,03
79bd,01,02
79c9,01,02,03
79e1,01,02
79e4,01,02,03
79e8,01
79f0,01,02
7a04,01
7a05,01,02
7a09,01,02
7a0b,01,02,03
7a0d,01,02
7a17,01,02,03
7a19,01
7a1a,01,02
7a1c,01,02
7a20,01,02
7a26,01
7a27,01,02,03
7a31,01,02,03,04,05
7a35,01,02,03
7a3b,01,02,03,04
7a3c,01,02
7a3d,01,02,03
7a3f,01,02
7a40,01,02,03
7a42,01,02
7a48,01,02
7a49,01,02
7a4b,01
7a4c,01,02
7a4f,01,02
7a50,01,02
7a53,01
7a57,01,02,03
7a5a,01
7a5c,01,02
7a5f,01,02
7a60,01
7a61,01,02
7a62,01,02,03
7a69,01,02
7a6b,01,02
7a70,01,02
7a74,01,02,03,04
7a7a,01,02,03
7a7f,01,02,03,04,05
7a81,01,02,03,04
7a8a,01,02
7a95,01,02,03
7a96,01,02
7a97,01,02,03,04
7a99,01
7a9a,01,02,03
7aa8,01
7aab,01
7aac,01,02,03
7aae,01,02,03
7ab0,01,02
7ab1,01
7ab3,01,02
7ab4,01
7abb,01,02,03
7abe,01
7abf,01,02
7ac4,01,02
7ac6,01
7ac8,01,02,03
7ac9,01,02,03
7ad5,01,02
7adf,01,02
7ae0,01,02
7ae3,01,02
7ae5,01,02
7aeb,01,02
7aed,01,02
7aee,01
7af1,01,02
7af2,01
7af4,01,02
7b08,01,02,03,04,05
7b11,01,02
7b17,01
7b2d,01,02
7b30,01,02
7b35,01,02
7b4c,01,02
7b51,01,02,03,04,05,06
7b53,01,02
7b6c,01,02,03
7b6d,01,02,03
7b72,01,02
7b75,01,02,03,04,05
7b8e,01,02
7b8f,01,02
7b90,01,02
7b92,01,02
7b99,01,02,03
7b9b,01,02
7b9c,01,02
7b9e,01,02,03,04
7ba0,01,02
7bac,01,02
7bad,01,02,03
7bb8,01,02,03
7bc0,01,02,03,04,05,06
7bc4,01,02,03
7bc6,01,02,03
7bc7,01,02,03
7bc9,01,02,03
7bd9,01,02
7bdd,01,02,03
7be0,01,02,03
7be3,01
7be6,01,02
7beb,01
7bf3,01,02
7bf4,01,02
7bf6,01,02
7bf7,01,02,03
7bfe,01,02
7c09,01,02,03
7c13,01,02,03
7c14,01
7c17,01,02
7c1e,01,02
7c1f,01,02
7c27,01,02
7c2a,01,02,03,04
7c34,01,02
7c36,01,02,03
7c3b,01
7c3e,01,02,03,04,05
7c3f,01,02,03
7c46,01,02
7c4d,01,02,03
7c4f,01,02
7c50,01,02,03,04,05
7c51,01,02
7c54,01,02
7c58,01,02,03,04
7c59,01,02
7c5c,01,02
7c5f,01,02
7c60,01,02,03,04,05
7c67,01,02,03
7c69,01,02,03,04
7c6a,01
7c6c,01,02
7c6f,01,02
7c73,01,02
7c7b,01,02
7c7e,01,02,03,04,05
7c82,01,02,03
7c89,01,02,03
7c90,01,02,03
7c94,01,02
7ca4,01,02
7ca6,01,02
7cae,01,02,03
7cb0,01,02
7cb3,01,02
7cbe,01,02,03
7cc0,01,02,03
7cc2,01,02
7cd3,01,02,03
7cd6,01,02,03
7cd8,01,02
7cd9,01,02
7cda,01,02,03
7cdc,01,02
7ce1,01
7ce2,01,02
7cf2,01,02,03
7cf4,01,02
7cf5,01,02
7cf6,01,02
7cfb,01,02
7cfe,01,02
7d00,01,02,03,04,05,06,07
7d04,01,02,03
7d05,01,02
7d08,01,02
7d09,01,02,03
7d0a,01,02
7d0b,01,02,03
7d0d,01,02,03,04,05
7d14,01,02,03,04
7d19,01,02
7d1a,01,02,03
7d1b,01,02,03
7d2b,01,02
7d30,01,02
7d31,01,02,03
7d39,01,02
7d42,01,02,03
7d44,01,02
7d46,01,02,03
7d4a,01
7d4b,01,02
7d4c,01,02
7d50,01,02
7d58,01
7d5a,01,02
7d5c,01,02,03,04,05
7d5d,01,02
7d5e,01,02,03
7d63,01,02,03
7d6f,01
7d71,01,02
7d73,01,02,03,04
7d79,01,02,03
7d81,01,02
7d83,01,02
7d86,01,02,03
7d89,01,02
7d8f,01,02
7d92,01
7d93,01,02,03
7d97,01,02
7d9b,01,02,03,04
7d9e,01,02
7d9f,01,02,03
7da0,01,02
7da2,01,02
7da3,01,02
7daa,01,02
7dab,01,02
7dad,01,02
7dae,01,02,03
7daf,01,02
7db1,01,02
7db2,01,02,03,04,05,06
7db3,01,02
7db5,01,02
7db9,01,02
7dbc,01
7dbe,01,02,03
7dbf,01,02
7dc7,01,02
7dcb,01,02,03
7dcf,01,02,03
7dd1,01,02
7ddd,01,02,03
7de0,01,02
7de2,01,02
7de3,01,02
7de8,01,02,03
7de9,01,02,03
7def,01,02,03,04
7df0,01
7df4,01,02,03
7e01,01,02
7e02,01
7e09,01,02,03
7e0a,01,02,03
7e0b,01,02
7e0c,01
7e1b,01,02,03
7e1d,01,02
7e1e,01,02
7e1f,01,02
7e22,01,02,03,04,05
7e23,01,02
7e27,01,02
7e28,01,02
7e2b,01,02,03,04
7e2c,01,02
7e2d,01,02
7e35,01,02,03,04,05
7e36,01,02
7e37,01,02
7e3a,01,02
7e3b,01,02
7e3d,01,02
7e41,01,02,03
7e42,01
7e43,01,02,03
7e44,01,02
7e45,01,02
7e46,01,02
7e4a,01,02
7e52,01,02
7e54,01,02
7e68,01
7e69,01,02
7e6a,01,02
7e6b,01,02,03
7e6d,01,02,03,04
7e76,01
7e78,01,02
7e79,01,02
7e7c,01,02,03
7e7d,01,02,03
7e7e,01,02
7e7f,01,02
7e86,01,02
7e8a,01,02
7e8c,01
7e92,01,02,03
7ea2,01
7f3a,01,02
7f3c,01,02
7f3e,01,02,03
7f47,01,02,03
7f48,01
7f4d,01,02
7f50,01,02,03,04
7f54,01,02,03
7f59,01,02
7f5b,01,02
7f61,01
7f6a,01,02,03
7f6e,01
7f72,01,02,03
7f76,01
7f7a,01
7f7f,01,02
7f80,01
7f83,01,02
7f8a,01
7f8f,01,02
7f90,01,02
7f94,01,02
7f95,01,02
7f9e,01,02,03
7fa1,01,02,03,04
7fad,01,02
7fae,01,02,03
7faf,01,02,03
7fb5,01
7fb8,01,02
7fbb,01
7fbd,01,02,03,04
7fc0,01,02
7fc1,01,02,03,04,05
7fc5,01,02,03
7fc6,01,02,03
7fca,01,02
7fcc,01,02,03
7fcf,01,02
7fd2,01,02,03
7fd4,01,02,03
7fd5,01,02
7fdf,01,02,03
7fe0,01,02,03,04
7fe1,01,02,03,04,05,06
7fe5,01,02
7fe6,01,02,03
7fe9,01,02,03,04,05
7feb,01,02,03,04
7fec,01,02
7ff0,01,02,03,04,05,06
7ff1,01
7ff3,01,02
7ff9,01,02
7ffa,01,02,03
7ffb,01,02,03
7ffc,01,02,03,04,05,06
7ffe,01,02
8000,01,02,03
8003,01,02,03
8005,01,02,03,04
8012,01,02,03
8015,01,02,03
8016,01,02
8017,01,02,03
8018,01,02
8019,01,02
801c,01,02,03
8021,01,02
8028,01,02,03
8029,01,02,03,04
8030,01,02
8036,01,02,03
8037,01,02
803d,01,02
8055,01
8056,01,02,03,04,05,06
805a,01,02,03
805f,01,02,03
8060,01,02
8061,01
806f,01
8070,01,02,03,04
8071,01
8072,01,02
8073,01,02,03
8074,01,02,03
8076,01,02,03
8077,01,02,03,04
8079,01,02
807c,01
807d,01,02
807e,01,02,03,04
8081,01,02
8085,01,02
8087,01,02,03,04
8088,01,02
8089,01
808e,01,02
8093,01,02
8096,01,02,03
809e,01,02,03
80a8,01
80a9,01,02,03
80ac,01,02
80ad,01,02,03
80b2,01,02
80b4,01,02
80ba,01,02,03
80cd,01,02
80d3,01
80d6,01,02,03
80de,01,02,03
80ee,01,02
80f2,01,02
80f7,01,02
8106,01,02,03
8108,01,02,03,04,05
8109,01
811f,01
8129,01,02,03,04
812b,01,02
8135,01,02,03
8143,01,02,03
8153,01,02,03
8154,01,02,03
8160,01,02
8162,01
8164,01
8166,01,02
8170,01,02,03
8171,01,02,03
8173,01,02
8174,01,02
8179,01,02
817f,01,02,03
8180,01,02
8184,01,02,03
8187,01
8188,01,02
818a,01,02,03
818b,01,02
819c,01,02
819e,01,02
81a0,01,02
81a4,01,02
81a7,01
81b1,01
81b5,01,02,03,04
81b8,01,02
81b9,01
81bd,01,02
81c6,01,02
81c8,01,02,03
81cd,01
81d7,01,02
81dd,01,02
81df,01,02
81e7,01,02,03
81e8,01,02
81ed,01,02,03
81ee,01
81f1,01,02
81f4,01,02
81f9,01,02,03
81fd,01,02
81fe,01,02
81ff,01,02
8200,01,02,03,04,05
8201,01,02,03
8202,01,02
8204,01,02
8207,01,02
8208,01,02
820a,01,02,03
820b,01,02
820c,01,02,03
820e,01,02,03,04
8211,01
8212,01,02,03,04
8218,01,02,03,04
821b,01,02,03,04,05,06,07
821c,01,02,03,04
821d,01,02
821e,01,02
821f,01,02,03
8229,01,02
822e,01,02,03
8238,01,02
8239,01,02,03,04,05,06,07
8240,01,02,03
8247,01,02,03
8255,01
8257,01,02,03
8258,01,02,03,04
825d,01,02
825f,01,02
8265,01
8266,01,02
8267,01,02
8268,01,02,03
826d,01,02
826e,01,02
8271,01,02
8273,01,02,03
8275,01
8279,01,02,03,04,05
827b,01,02
827c,01
827d,01,02
827e,01,02,03,04
827f,01,02
8280,01,02
8281,01,02
8283,01,02,03
8284,01,02
8287,01,02
8289,01,02
828a,01,02
828b,01,02,03,04
828c,01
828d,01,02,03,04
828e,01,02
8291,01,02
8292,01,02,03,04
8293,01,02
8294,01,02
8296,01,02
8298,01,02
8299,01,02
829a,01,02
829b,01,02
829d,01,02
829f,01,02
82a0,01,02
82a1,01,02
82a2,01
82a3,01,02
82a4,01,02
82a5,01,02
82a6,01,02,03,04,05,06,07,08,09
82a7,01,02
82a8,01,02
82a9,01,02
82aa,01,02
82ab,01,02
82ac,01,02,03
82ad,01,02
82ae,01,02,03
82af,01,02
82b0,01,02
82b1,01,02,03,04,05,06
82b2,01,02
82b3,01,02
82b4,01,02
82b7,01,02
82b8,01,02
82b9,01,02
82ba,01,02
82bc,01,02
82bd,01,02,03,04,05,06
82be,01,02
82bf,01,02
82c5,01,02,03
82c6,01,02
82d0,01,02
82d1,01,02,03
82d2,01,02,03,04
82d3,01,02
82d4,01,02
82d5,01,02
82d6,01
82d7,01,02
82d9,01,02
82da,01,02
82db,01,02
82dc,01,02
82de,01,02,03
82df,01,02,03
82e0,01,02
82e1,01,02
82e2,01,02,03
82e3,01,02,03,04
82e4,01,02
82e5,01,02,03
82e6,01,02
82e7,01,02
82e8,01,02
82ea,01,02
82eb,01,02
82ed,01,02
82ef,01,02,03
82f1,01,02,03,04,05
82f3,01,02,03
82f4,01,02
82f6,01,02
82f7,01,02
82f9,01,02,03
82fa,01,02
82fb,01,02
82fc,01
82fd,01,02,03
82fe,01,02
8300,01,02
8301,01,02
8302,01,02,03
8303,01,02,03,04
8304,01,02
8305,01,02
8306,01,02
8307,01,02
8308,01,02
8309,01,02
830a,01,02
830b,01,02
830c,01,02,03
8316,01,02
8317,01,02
8318,01,02
831b,01,02
831c,01,02
831d,01,02
831e,01,02
831f,01,02
8321,01,02
8322,01,02
8323,01,02,03,04,05,06
8324,01
8325,01
8326,01
8327,01
8328,01,02,03,04,05
832a,01
832b,01,02,03
832c,01,02
832d,01,02
832e,01,02,03
832f,01,02
8330,01,02,03,04,05
8331,01,02
8332,01,02
8333,01,02
8334,01,02
8335,01,02
8336,01,02
8337,01,02
8338,01,02,03
8339,01,02
833a,01,02,03,04
833c,01,02
833d,01,02
8340,01,02
8342,01,02,03
8343,01,02,03,04
8344,01,02,03
8345,01,02,03
8346,01,02,03,04
8347,01,02
8349,01,02
834a,01,02,03,04
834b,01
834d,01,02
834e,01,02
834f,01,02,03
8350,01,02
8351,01,02,03
8352,01,02,03,04,05,06,07,08
8353,01,02,03,04
8354,01,02
8355,01,02
8356,01,02
8357,01,02,03
8358,01,02
8362,01,02,03,04
8370,01,02,03
8372,01
8373,01,02
8375,01,02,03,04,05
8377,01,02
8378,01,02
837b,01,02,03
837c,01,02
837d,01,02
837e,01
837f,01,02,03,04,05
8380,01,02
8382,01,02
8384,01,02
8385,01,02
8386,01,02
8387,01,02
8389,01,02
838a,01,02
838b,01
838d,01,02
838e,01,02
8391,01
8392,01,02
8393,01,02,03
8394,01,02
8395,01,02
8396,01,02,03
8398,01,02
8399,01,02
839a,01,02,03
839b,01,02,03
839c,01,02
839d,01,02
839e,01,02
839f,01,02
83a0,01,02
83a2,01,02
83a4,01
83a6,01,02
83a7,01,02
83a8,01,02
83a9,01,02
83aa,01,02
83ab,01,02
83ac,01,02
83ad,01,02,03,04
83b5,01,02,03,04
83bd,01,02,03,04,05,06,07,08,09
83be,01,02
83bf,01,02
83c0,01,02
83c1,01,02,03,04,05,06,07
83c2,01
83c5,01,02
83c6,01,02
83c7,01,02
83c9,01,02
83ca,01,02
83cc,01,02
83ce,01,02
83cf,01,02
83d1,01,02
83d2,01
83d3,01,02,03
83d4,01,02,03
83d6,01,02
83d8,01,02,03
83dc,01,02,03,04,05
83dd,01,02
83df,01,02,03,04,05,06,07,08,09,0A,0B,0C
83e0,01,02
83e1,01,02,03
83e5,01,02
83e8,01,02
83e9,01,02
83ea,01,02
83eb,01,02
83ed,01
83ee,01
83ef,01,02,03,04
83f0,01,02,03
83f1,01,02,03,04
83f2,01,02,03,04,05
83f3,01
83f4,01,02
83f6,01,02
83f7,01,02,03
83f8,01,02,03
83f9,01,02
83fb,01,02
83fc,01,02
83fd,01,02
83fe,01,02
8401,01,02
8403,01,02,03,04
8404,01,02,03
8406,01,02
8407,01,02
840a,01,02
840b,01,02,03
840c,01,02,03
840d,01,02,03
840e,01,02
840f,01,02,03
8411,01,02
8413,01,02,03,04
8415,01,02,03
8419,01,02
841e,01
8420,01,02,03,04,05
8422,01,02,03,04
8429,01,02
842a,01,02
842b,01
842c,01,02,03,04,05
842f,01,02
8431,01,02,03
8435,01,02
8436,01
8438,01,02
8439,01,02
843b,01
843c,01,02
843d,01,02
843f,01
8441,01
8445,01,02
8446,01,02
8447,01,02
8448,01,02
8449,01,02,03,04
844a,01,02
844d,01,02
844e,01,02
844f,01,02
8451,01,02
8452,01,02
8455,01
8456,01,02
8457,01,02,03,04
8458,01,02
8459,01,02
845a,01,02,03
845b,01,02,03,04,05,06,07,08,09
845c,01,02,03,04
845f,01,02
8460,01,02
8461,01,02
8462,01,02,03
8463,01,02,03
8464,01,02
8465,01,02
8466,01,02,03,04,05,06
8467,01,02
8469,01,02
846a,01,02
846b,01,02
846c,01,02
846d,01,02
846e,01,02
846f,01,02
8470,01,02
8471,01,02
8473,01,02
8474,01,02
8475,01,02
8476,01,02
8477,01,02
8478,01,02
8479,01,02
847a,01,02,03,04
847b,01
847c,01,02
847d,01,02,03,04
8480,01
8481,01,02,03,04
8482,01,02,03
8484,01,02
8485,01,02,03
848b,01,02,03,04
8490,01,02
8492,01,02
8493,01,02
8494,01,02
8495,01,02
8497,01,02
8499,01,02,03,04
849c,01,02,03
849d,01
849e,01,02
849f,01,02
84a1,01,02,03
84a5,01
84a6,01,02,03
84a7,01
84a8,01,02,03,04,05,06
84a9,01,02
84aa,01,02
84ad,01,02
84af,01,02
84b1,01,02
84b2,01,02,03
84b4,01,02
84b8,01,02
84b9,01,02,03
84ba,01,02
84bb,01,02,03
84bc,01,02
84bd,01,02
84be,01,02
84bf,01,02,03
84c0,01,02
84c1,01,02
84c2,01,02
84c4,01,02
84c5,01
84c6,01,02
84c7,01,02
84c8,01,02,03,04
84c9,01,02
84ca,01,02,03,04
84cb,01,02
84cc,01,02
84cd,01,02
84ce,01,02,03
84cf,01,02,03
84d0,01,02,03
84d1,01,02,03
84d3,01,02
84d6,01,02
84d9,01,02,03
84da,01,02
84dc,01,02,03,04
84dd,01
84e7,01,02
84ea,01,02,03
84eb,01
84ec,01,02,03,04,05,06
84ee,01,02,03,04,05,06,07
84ef,01,02
84f0,01,02
84f1,01,02,03
84f2,01,02
84f4,01,02,03,04
84f7,01,02
84fb,01,02
84fc,01,02,03
84fd,01,02,03
84ff,01,02
8500,01,02
8501,01
8502,01,02
8503,01,02
8506,01,02
8507,01,02
8508,01
850c,01,02
850e,01,02
8510,01,02
8511,01,02,03,04,05,06
8512,01
8513,01,02,03,04
8514,01,02
8515,01,02
8517,01,02,03,04,05
8518,01,02
851a,01,02
851b,01,02
851c,01,02
851e,01,02
851f,01,02
8521,01,02,03
8522,01,02
8523,01,02,03
8524,01,02
8525,01,02,03,04
8526,01,02
8527,01,02
852a,01,02
852b,01,02
852c,01,02
852d,01,02
852f,01,02
8532,01,02,03
8533,01,02,03,04
8534,01,02,03,04
8535,01,02
8536,01,02
853d,01,02,03,04,05
853e,01,02,03
853f,01,02
8540,01,02
8541,01,02,03
8542,01,02,03
8543,01,02,03
8546,01,02
8548,01,02,03
8549,01,02
854a,01,02
854b,01,02
854e,01,02
854f,01,02
8550,01,02
8551,01,02,03
8552,01,02
8553,01,02
8555,01,02,03,04,05
8556,01,02,03,04
8557,01,02
8558,01,02
8559,01,02,03,04,05
855a,01,02
855c,01,02
855d,01,02,03,04
855e,01,02
855f,01,02
8560,01,02
8561,01,02,03
8562,01,02
8563,01,02,03,04,05,06
8564,01,02
8565,01
8568,01,02,03
8569,01,02
856a,01,02
856b,01,02,03
856c,01
856d,01,02
856f,01,02,03,04
8570,01
8573,01
8577,01,02
8578,01,02
8579,01,02
857a,01,02
857b,01,02
857d,01,02
857e,01,02
857f,01,02
8580,01,02
8581,01,02,03,04,05
8584,01,02,03,04,05,06,07
8585,01,02
8586,01,02
8587,01,02,03,04,05,06
8588,01,02
8589,01,02
858a,01,02,03
858b,01,02
858c,01,02,03,04,05
858f,01,02,03
8590,01,02
8591,01,02
8593,01,02
8594,01,02
8595,01
8596,01
8597,01,02
8598,01,02,03
8599,01,02
859b,01,02
859c,01,02,03
859d,01,02
859f,01,02
85a0,01,02
85a2,01,02
85a4,01,02
85a5,01,02
85a6,01,02
85a7,01,02
85a8,01,02
85a9,01,02,03,04,05
85aa,01,02
85ab,01,02,03
85ac,01,02
85ad,01,02,03,04,05
85ae,01,02
85af,01,02,03,04
85b0,01,02
85b1,01
85b3,01
85b4,01,02
85b5,01
85b6,01,02
85b7,01,02
85b8,01,02
85b9,01,02
85ba,01,02
85bc,01,02
85bd,01,02
85be,01,02
85bf,01,02
85c1,01,02,03,04
85c2,01,02
85c7,01,02
85c9,01,02,03
85ca,01,02
85cb,01,02
85cd,01,02,03
85ce,01,02
85cf,01,02,03,04,05
85d0,01,02
85d5,01,02,03,04
85d8,01,02
85d9,01,02
85da,01,02,03
85dc,01,02
85dd,01,02
85df,01,02
85e0,01,02
85e1,01,02,03
85e4,01,02,03,04,05,06,07,08
85e5,01,02,03,04
85e6,01,02,03
85e7,01
85e8,01,02
85e9,01,02
85ea,01,02,03,04,05,06
85eb,01
85ed,01,02
85f0,01
85f3,01,02
85f4,01,02
85f6,01,02
85f7,01,02,03,04
85f9,01,02,03
85fa,01,02
85fb,01,02
85fc,01,02,03,04
85fe,01,02,03
85ff,01,02
8600,01,02
8602,01,02
8604,01,02
8605,01,02
8606,01,02,03
8607,01,02,03,04
860a,01,02
860b,01,02,03
860d,01,02
860e,01,02
8610,01,02
8611,01,02
8612,01,02,03,04,05,06,07,08,09,0A
8613,01,02
8616,01,02,03
8617,01,02
8618,01,02,03
8619,01,02,03,04
861a,01,02,03
861b,01,02
861e,01,02
8621,01,02
8622,01,02,03
8624,01,02,03
8627,01,02,03
8628,01
8629,01,02,03
862b,01
862d,01,02,03,04,05
862f,01,02
8630,01,02,03
8636,01,02,03
8638,01,02
8639,01,02
863a,01,02
863c,01,02
863d,01,02
863f,01,02
8640,01,02
8641,01,02,03,04
8642,01,02
8646,01,02
864b,01
864e,01,02,03,04,05,06,07,08
8650,01,02,03
8652,01,02
8653,01,02
8654,01,02,03
865c,01,02,03,04,05
865e,01,02,03,04
865f,01,02
8662,01
8667,01,02
866a,01
867b,01,02
8688,01,02
8689,01,02
868a,01,02,03
868b,01,02
868c,01,02
869c,01,02
86a3,01,02
86a4,01,02
86a9,01,02,03
86ab,01,02,03
86db,01
86df,01,02
86e2,01
86e7,01,02
86e9,01,02,03
86ea,01
86eb,01
86f8,01,02,03
86fb,01,02
8703,01,02,03
8708,01,02
8709,01,02
870e,01,02
8711,01,02
8712,01,02,03
871a,01,02,03
8729,01,02
8737,01,02,03,04
8739,01,02
873b,01,02,03
8744,01
8745,01,02
874d,01,02
874e,01,02
8750,01
8753,01,02
8755,01,02,03
8758,01,02
8759,01,02,03
875d,01,02
876b,01
8771,01,02
8773,01,02
8777,01
8779,01
8782,01,02,03,04,05
879b,01
87a3,01,02,03
87ad,01,02
87bd,01,02,03
87c0,01,02
87c4,01,02
87c6,01,02
87c7,01,02
87d2,01,02,03,04,05,06
87d9,01,02
87e3,01,02
87eb,01,02
87f6,01,02
8801,01,02
8802,01
8803,01,02,03,04
8805,01,02,03,04
8806,01,02
8807,01,02
880d,01,02,03
880e,01,02,03,04,05
8813,01,02
8816,01,02
881a,01,02
881b,01,02,03
881f,01,02
8821,01,02,03
8823,01,02
8828,01,02
882a,01
882b,01
882d,01,02
8836,01,02,03,04,05
8841,01,02
8842,01,02,03,04,05
8846,01,02,03,04,05,06,07,08,09
884a,01,02,03
884b,01,02,03
8851,01,02
8853,01,02,03,04
885b,01,02,03,04,05
885e,01
8863,01,02,03
886e,01,02
8870,01,02,03,04
8871,01,02
8872,01,02
8877,01
8879,01,02
888d,01,02
889a,01,02
889e,01,02,03
88a2,01,02
88a3,01
88b4,01,02
88d2,01,02
88d7,01
88d8,01
88f4,01,02,03
88fa,01
8907,01,02
890a,01,02,03
8910,01,02,03
8912,01,02
8918,01,02
891c,01,02,03
891e,01,02
8927,01,02
892a,01,02
892b,01,02,03
8933,01
8935,01,02,03
8936,01,02
893b,01,02,03
893c,01
8941,01,02,03,04,05
8943,01,02
8944,01,02,03,04
894a,01
894c,01,02
8956,01,02,03
895a,01,02
896a,01,02,03,04,05
896f,01,02,03
8971,01
8972,01,02
8974,01,02
897a,01,02
897c,01,02
897d,01,02
897f,01,02,03
8981,01,02,03
8983,01,02,03
8986,01,02,03,04
8987,01,02,03
8988,01,02
8989,01,02
898a,01,02
898d,01,02
8990,01,02,03
8996,01,02,03
89a6,01,02
89a7,01,02
89a9,01,02
89aa,01
89af,01,02,03
89b2,01,02
89b6,01,02,03
89bd,01,02,03,04
89c0,01,02,03
89d2,01,02,03,04
89d3,01
89da,01,02
89e2,01
89e3,01,02,03
89e7,01,02
89f4,01,02
8a0a,01,02,03,04
8a12,01,02,03,04
8a18,01,02
8a1b,01,02
8a1d,01,02,03,04,05,06
8a1f,01,02,03
8a25,01,02
8a30,01
8a3b,01,02,03,04
8a4a,01
8a4e,01,02
8a55,01,02,03
8a60,01,02
8a64,01,02
8a6d,01,02
8a6e,01,02,03
8a72,01,02
8a7c,01,02
8a84,01,02
8a86,01,02
8a8d,01,02,03
8a95,01,02,03,04,05
8a99,01,02
8a9a,01,02
8aa0,01,02,03,04,05
8aa4,01,02,03,04
8aa5,01,02,03
8aa8,01,02
8aaa,01,02
8aae,01,02
8ab7,01,02
8ab9,01,02,03
8abe,01,02
8abf,01,02,03
8ac4,01,02
8acb,01,02,03,04,05
8acd,01,02,03
8ad5,01,02
8ad6,01,02
8adb,01,02,03,04
8ade,01,02,03
8ae0,01,02
8ae1,01,02
8ae4,01,02
8ae6,01,02
8aea,01
8aed,01,02,03,04
8aee,01,02,03,04
8af1,01,02,03
8af2,01
8af3,01,02
8af6,01,02
8af8,01,02,03
8afa,01,02,03
8afc,01,02
8afe,01,02
8aff,01,02
8b01,01,02,03
8b04,01,02,03,04
8b0a,01,02,03,04
8b0b,01,02
8b0e,01,02,03
8b0f,01,02
8b13,01,02
8b14,01,02
8b17,01,02
8b19,01,02,03,04,05,06
8b1a,01,02,03
8b1b,01,02,03
8b1d,01,02,03
8b22,01
8b23,01
8b28,01,02
8b2b,01,02
8b2c,01,02,03
8b33,01,02,03
8b37,01,02
8b39,01,02,03,04,05,06,07,08
8b3e,01,02,03
8b41,01,02,03,04
8b42,01,02
8b44,01,02,03,04,05,06
8b45,01,02
8b4c,01,02,03
8b4f,01,02,03
8b53,01,02,03
8b56,01,02,03,04
8b58,01,02
8b5a,01,02,03
8b5c,01,02,03
8b61,01
8b62,01
8b66,01,02
8b67,01
8b69,01,02
8b6a,01,02
8b6d,01,02
8b6e,01
8b71,01,02
8b74,01,02
8b77,01,02
8b7f,01
8b81,01,02,03
8b89,01
8b8a,01,02
8b8b,01,02
8b8c,01,02
8b99,01,02
8c3a,01,02,03,04
8c3e,01,02
8c3f,01,02
8c41,01,02,03,04
8c45,01,02
8c53,01,02
8c55,01,02,03
8c57,01,02
8c59,01,02
8c5a,01,02
8c61,01,02,03
8c62,01,02
8c66,01,02
8c6a,01,02,03,04
8c6b,01,02
8c6c,01,02
8c76,01,02
8c79,01,02,03
8c93,01,02
8c98,01,02
8c9b,01,02,03
8ca0,01,02,03,04,05
8ca1,01,02,03
8ca7,01,02,03
8ca8,01,02,03
8cab,01,02,03,04
8cbf,01,02
8cc1,01,02
8cc5,01,02
8cc6,01,02
8cc7,01,02,03,04
8cca,01,02,03,04
8ccb,01,02
8cd3,01,02,03,04
8cd4,01
8ced,01,02,03
8cee,01
8cf2,01,02
8cfa,01,02
8cfb,01,02
8cfc,01,02,03,04,05
8cfe,01,02
8d05,01,02,03
8d08,01,02,03
8d09,01,02
8d0a,01,02
8d0e,01,02
8d0f,01,02,03,04,05
8d10,01,02
8d11,01
8d13,01,02
8d1b,01,02,03
8d1c,01,02,03
8d67,01
8d6b,01,02
8d6d,01,02
8d70,01
8d73,01,02,03,04
8d77,01,02,03
8d82,01,02
8d99,01,02,03
8da9,01
8daf,01,02
8db9,01,02,03
8dbc,01,02
8dc7,01,02
8dcb,01,02
8dd1,01,02
8dda,01,02,03,04,05
8ddd,01,02,03
8de4,01,02
8de8,01,02
8deb,01,02
8df0,01,02
8df3,01,02,03
8e09,01,02,03
8e2d,01
8e30,01,02
8e34,01
8e38,01,02
8e43,01
8e44,01,02
8e46,01
8e48,01,02
8e4a,01,02,03
8e4b,01,02
8e55,01,02
8e5e,01,02
8e62,01,02
8e6e,01,02
8e71,01,02
8e72,01,02,03
8e77,01,02
8e87,01,02,03
8e89,01,02
8e8d,01,02,03
8e91,01,02,03,04,05
8e9a,01,02,03
8ea1,01,02,03,04
8eaa,01,02
8eab,01,02
8eac,01,02
8eaf,01,02
8eb0,01,02
8eb5,01,02
8ebd,01
8ebe,01,02
8ec0,01,02
8ec4,01,02
8ec5,01,02
8ec6,01,02
8ec8,01,02
8ecc,01
8ed4,01,02,03
8edc,01,02
8ef1,01,02
8f03,01,02,03
8f0e,01
8f13,01,02,03
8f16,01,02
8f1d,01,02,03
8f1e,01,02
8f24,01
8f29,01,02,03
8f2a,01,02
8f2f,01
8f35,01,02
8f38,01,02,03,04
8f44,01,02,03,04,05
8f49,01,02,03,04
8f4c,01,02
8f52,01,02
8f54,01,02
8f55,01,02
8f65,01,02
8f89,01
8f9b,01,02
8fa5,01,02
8fa8,01,02,03
8fac,01
8fad,01,02
8fb1,01,02,03
8fb4,01,02
8fb6,01,02,03,04
8fb7,01,02
8fba,01,02
8fbb,01,02,03,04,05
8fbc,01,02,03
8fbe,01,02
8fbf,01,02,03
8fc1,01,02
8fc2,01,02,03
8fc3,01,02
8fc4,01,02,03
8fc5,01,02,03,04
8fc6,01,02,03
8fc7,01
8fca,01,02
8fcb,01,02
8fcd,01,02
8fce,01,02,03
8fd0,01,02
8fd1,01,02,03,04
8fd2,01,02
8fd3,01,02,03
8fd4,01,02,03,04
8fd5,01,02
8fda,01,02
8fe0,01,02
8fe1,01
8fe2,01,02
8fe3,01,02
8fe4,01,02
8fe5,01,02
8fe6,01,02,03
8fe7,01
8fe8,01,02
8fe9,01,02,03,04
8fea,01,02,03
8feb,01,02,03
8fec,01
8fed,01,02,03
8fee,01,02
8fef,01,02,03,04
8ff0,01,02,03,04
8ff1,01,02
8ff4,01,02
8ff5,01,02
8ff6,01,02,03
8ff7,01,02,03
8ff8,01,02
8ff9,01,02
8ffa,01,02,03,04
8ffb,01,02
8ffd,01,02,03
8ffe,01,02
8fff,01
9000,01,02,03
9001,01,02,03
9002,01,02
9003,01,02,03,04
9004,01,02,03
9005,01,02
9006,01,02,03
9008,01,02
900b,01,02
900c,01,02
900d,01,02,03
900e,01,02,03,04,05
900f,01,02,03
9010,01,02,03,04
9011,01,02,03
9013,01,02
9014,01,02,03
9015,01,02
9016,01,02,03
9017,01,02,03
9018,01,02
9019,01,02,03
901a,01,02,03
901b,01,02
901d,01,02,03
901e,01,02,03,04,05,06
901f,01,02,03
9020,01,02,03,04
9021,01,02
9022,01,02,03,04
9023,01,02,03
9024,01
9027,01,02
9028,01,02
9029,01,02
902a,01,02
902b,01
902c,01,02
902d,01,02
902e,01,02,03
902f,01,02
9031,01,02,03
9032,01,02,03
9034,01,02
9035,01,02,03,04,05,06,07
9036,01,02
9037,01,02
9038,01,02,03,04,05,06,07,08,09
9039,01,02,03,04,05,06
903a,01,02,03
903c,01,02,03
903e,01,02,03
903f,01,02
9040,01
9041,01,02,03,04,05
9042,01,02,03,04,05,06
9043,01,02
9044,01,02
9045,01,02
9047,01,02,03,04
9049,01,02
904a,01,02,03
904b,01,02,03
904c,01,02,03
904d,01,02,03
904e,01,02,03,04
904f,01,02,03,04
9050,01,02,03,04
9051,01,02
9052,01,02,03,04,05,06,07
9053,01,02,03
9054,01,02,03,04
9055,01,02,03,04,05,06,07
9056,01,02
9058,01,02,03,04,05
9059,01,02
905b,01,02
905c,01,02,03
905d,01,02
905e,01,02
905f,01
9060,01,02,03,04
9061,01,02,03
9062,01,02,03
9063,01,02,03
9065,01,02
9066,01,02
9067,01,02
9068,01,02,03
9069,01,02,03,04
906c,01,02
906d,01,02,03
906e,01,02,03,04,05
906f,01,02,03,04,05
9070,01,02
9072,01,02,03,04
9073,01,02
9074,01,02,03,04
9075,01,02,03,04,05
9076,01,02
9077,01,02,03,04,05,06,07,08,09,0A
9078,01,02,03,04
9079,01,02
907a,01,02,03
907b,01
907c,01,02,03
907d,01,02,03,04,05
907f,01,02,03
9080,01,02,03
9081,01,02,03,04,05
9082,01,02
9083,01,02,03,04,05,06,07,08
9084,01,02,03,04
9085,01,02
9087,01,02,03,04
9088,01,02
9089,01,02,03,04,05,06,07,08,09,0A,0B,0C,0D,0E,0F,10,11,12,13,14,15,16,17,18,19,1A,1B,1C,1D,1E,1F
908a,01,02,03,04,05,06,07,08,09,0A,0B,0C,0D,0E,0F,10,11,12,13,14
908b,01,02
908c,01,02
908d,01,02
908e,01,02
908f,01,02
9090,01,02
9099,01,02
90a3,01,02,03
90a6,01,02,03,04,05,06,07,08
90a8,01,02,03,04,05,06,07
90aa,01,02,03,04,05
90ab,01,02,03
90b4,01,02
90b8,01,02
90d2,01,02
90db,01,02
90e2,01,02,03
90e4,01,02
90f1,01
90f7,01
90fd,01,02,03
9100,01,02
9102,01,02
9115,01,02,03,04,05
9119,01,02
911a,01,02
911b,01
911e,01,02
9123,01,02
912d,01,02,03
912e,01,02
9130,01,02,03,04
9137,01,02
913d,01,02
9145,01
914b,01,02,03,04,05
914c,01,02,03
914d,01,02,03,04,05,06
9152,01,02,03
9156,01
9158,01
9162,01,02
9165,01
916a,01,02
916c,01,02
9172,01,02,03
9173,01
9175,01,02
9176,01
9177,01,02,03
9178,01,02,03
917b,01,02
9181,01,02,03
9195,01,02
919a,01
919c,01,02
91a2,01
91a4,01,02,03
91a7,01,02
91a8,01,02
91aa,01,02,03
91ab,01,02
91ac,01,02
91af,01
91b0,01,02
91b1,01
91b4,01
91b5,01,02,03
91b7,01
91ba,01,02,03
91c0,01,02
91c1,01,02,03,04,05,06
91c7,01,02,03
91c8,01,02
91cb,01,02
91cd,01,02,03
91dc,01,02,03
91df,01,02
91e3,01,02,03
91e9,01,02
91eb,01
91ee,01,02,03
91ef,01,02
91f5,01,02
91fc,01,02,03,04,05
91fe,01
9209,01,02
920d,01,02
9210,01,02
9212,01,02
9213,01,02,03
9227,01
9229,01,02
9234,01,02
9237,01
9238,01,02
9242,01,02
9245,01,02
924b,01,02
9252,01
925b,01,02,03,04,05
9261,01,02
9268,01,02
9278,01,02
927c,01,02,03,04
9283,01,02
9287,01
928a,01,02
928e,01,02
9293,01,02
9295,01,02
92a2,01,02
92b7,01,02
92b9,01,02
92c6,01,02
92cb,01,02
92cc,01,02,03
92d5,01,02
92d7,01,02
92d8,01,02
92dd,01,02
92e3,01,02
92e9,01,02,03,04
92ee,01,02
92ef,01
92fb,01,02
9300,01,02
9302,01,02
9304,01,02
9306,01,02,03
9308,01,02
930b,01
931a,01,02,03
9328,01,02
9335,01,02,03
933a,01,02
933f,01
9348,01,02
934f,01
9351,01,02
9354,01,02
9365,01,02,03,04
9369,01,02
936e,01,02,03,04
9373,01,02,03
9375,01,02,03
9379,01
938b,01,02,03
938c,01,02,03
9396,01,02,03
939a,01,02,03
93a1,01,02,03,04,05
93a6,01,02
93ac,01,02
93ad,01,02
93ae,01
93af,01
93b0,01,02,03
93b9,01,02,03,04,05
93ba,01,02
93c5,01,02
93c6,01,02
93c8,01,02
93cc,01,02
93d0,01,02
93d1,01,02
93d3,01,02
93dd,01
93de,01,02,03,04
93e0,01
93e1,01,02
93f3,01,02
93f5,01,02
93f9,01,02
93fb,01,02
9404,01,02
9414,01,02
9415,01,02,03
9416,01,02,03
9418,01,02
9429,01,02
942a,01
942e,01,02
942f,01,02
9435,01,02,03
9439,01
943a,01
943b,01,02
9441,01,02
944a,01,02
944c,01,02
9452,01,02
9453,01,02,03
9457,01
945b,01,02,03,04,05
945f,01,02
946e,01,02,03
9470,01,02
9471,01,02
9474,01
9475,01,02
9476,01,02
9477,01,02,03,04
9484,01,02
958b,01,02,03
9592,01,02,03
9594,01,02
95a1,01,02
95a2,01,02
95ab,01,02,03
95ad,01,02
95bb,01,02,03
95bc,01,02,03
95c7,01,02
95c8,01,02
95c9,01,02
95cd,01,02,03
95d0,01,02,03
95d2,01,02
95e4,01,02
95e5,01,02
95e8,01,02
962a,01
9646,01
964d,01,02,03,04
9654,01,02
9657,01,02
965f,01,02
9675,01,02
9676,01,02
9677,01,02
967b,01,02
967f,01,02
9681,01,02
9682,01,02
9683,01,02
9686,01,02,03,04,05,06
968a,01,02,03,04
9692,01
9694,01,02,03
9698,01,02,03,04,05,06
9699,01,02,03
969c,01,02
96a0,01,02
96a3,01,02,03,04,05
96a7,01,02,03,04,05
96a8,01,02
96aa,01,02
96b1,01,02
96b2,01
96b4,01,02
96b6,01,02,03,04
96b9,01,02
96bb,01,02,03
96c5,01,02,03,04,05
96c7,01,02,03
96cc,01,02
96cd,01,02
96d5,01,02
96d8,01,02,03,04
96d9,01,02,03
96da,01,02,03,04
96e2,01,02
96e3,01,02,03,04,05,06,07,08
96e8,01,02,03
96e9,01,02
96ea,01,02,03,04,05
96ef,01,02
96f0,01,02,03
96f7,01,02
96f9,01,02
9704,01,02
9706,01,02,03,04
9707,01,02
970c,01
9713,01,02
9719,01,02
9721,01,02,03,04
9724,01,02,03
972a,01,02
972e,01
9736,01,02
973d,01
9744,01,02,03
9746,01,02
9747,01,02,03
9748,01,02,03
9749,01,02
9755,01,02,03,04,05
9756,01,02,03
9757,01,02
9758,01,02
9759,01,02,03,04,05,06
975a,01,02,03
975b,01,02
975c,01,02,03,04,05,06,07,08,09
975d,01
975e,01,02
9760,01,02,03,04,05,06,07
9761,01,02
9764,01,02
9769,01,02
976b,01,02
976d,01,02,03,04,05,06
9771,01,02,03,04,05,06
9774,01,02,03
9778,01,02
9779,01,02
977e,01
9784,01,02,03
9786,01,02
978f,01,02
9798,01,02,03
979a,01,02
97a8,01,02,03
97ad,01,02,03
97b3,01,02
97b8,01,02,03
97be,01,02
97bf,01,02
97c3,01,02
97c4,01,02
97c6,01,02,03,04,05
97c8,01,02,03,04,05,06
97c9,01,02
97ca,01,02
97cb,01,02,03
97cc,01,02,03,04
97cd,01,02
97ce,01,02
97d0,01,02
97d1,01,02,03,04
97d3,01,02,03,04,05
97d4,01,02
97d7,01,02
97d8,01,02
97d9,01,02
97db,01,02
97dc,01,02,03,04
97dd,01,02
97de,01,02,03,04,05
97e0,01,02,03
97e1,01,02,03
97e4,01,02,03
97ee,01,02
97f0,01
97f1,01,02
97f3,01,02,03
97f5,01,02
97f6,01,02
97f9,01
97fa,01,02,03,04
97fb,01,02,03
97ff,01,02,03,04,05,06,07,08,09,0A
9800,01,02,03
9803,01,02
9804,01,02
980b,01
980c,01,02,03
9811,01,02,03
9812,01,02,03
9813,01,02,03,04
9816,01,02
9819,01,02
9820,01,02
9824,01,02,03
9829,01
9832,01,02,03
983b,01,02,03
9841,01
9844,01,02
9848,01
984e,01,02
9852,01,02
9858,01,02
985b,01,02
985e,01,02,03,04
9867,01,02,03
9870,01,02
9873,01,02,03,04
9874,01,02
98b6,01,02
98be,01
98c3,01
98de,01
98df,01,02,03,04
98e2,01,02,03,04
98e3,01,02
98e4,01
98e6,01,02,03
98e9,01,02
98ea,01,02
98eb,01,02,03
98ec,01,02
98ed,01,02,03
98ef,01,02,03,04
98f4,01,02,03
98f5,01
98f6,01,02
98fb,01
98fc,01,02,03
98fd,01,02,03,04
98fe,01,02,03
9901,01
9902,01,02
9903,01,02,03,04
9905,01,02,03,04
9908,01,02
9909,01,02,03
990a,01,02,03,04,05
990c,01,02,03,04,05,06,07,08,09
9910,01,02,03
9911,01,02
9912,01,02,03
9913,01,02,03
9914,01,02
9915,01,02,03
9916,01,02
9917,01,02
9918,01,02
991a,01,02
991b,01,02
991c,01,02
991d,01,02,03
991e,01,02
991f,01,02
9920,01,02
9921,01,02,03,04
9922,01,02
9923,01
9924,01,02
9926,01,02
9927,01,02,03
9928,01,02,03
9929,01,02
992a,01
992b,01,02
992c,01,02
992d,01
992e,01,02
9930,01
9931,01,02
9932,01,02
9933,01,02
9934,01,02,03
9936,01
9938,01
9939,01,02,03
993a,01,02
993b,01,02
993c,01,02
993d,01,02
993e,01,02
993f,01
9940,01,02,03,04,05
9941,01,02
9942,01,02,03,04
9944,01
9945,01,02,03,04,05,06
9946,01,02,03
9947,01,02,03
9948,01,02
9949,01,02,03
994a,01
994b,01,02,03
994c,01,02,03
994d,01,02
994e,01,02
9950,01,02
9951,01,02,03,04
9952,01,02,03
9955,01,02
9956,01
9957,01,02,03,04,05,06,07,08,09,0A
9958,01,02
9959,01,02,03
995b,01,02,03,04
995c,01,02,03
995d,01
995e,01,02
995f,01,02
9960,01,02
9961,01
9997,01,02
99a4,01
99a7,01
99a8,01,02
99b0,01,02
99b7,01
99ba,01,02
99bc,01,02
99c1,01,02,03
99d0,01,02,03
99db,01,02
99e6,01
99e9,01
99ed,01,02
99ee,01,02
99f8,01,02
99ff,01,02
9a15,01
9a19,01,02,03
9a1a,01,02
9a1e,01,02
9a2d,01,02
9a2f,01
9a30,01,02,03
9a40,01,02
9a41,01,02
9a44,01,02
9a45,01
9a4a,01,02,03,04
9a4e,01,02
9a54,01,02
9a56,01,02,03
9a58,01,02,03
9a5a,01,02
9a5b,01,02
9a5f,01,02,03
9a63,01
9a65,01,02,03
9a69,01,02
9aa8,01,02,03
9ab8,01,02
9abe,01,02
9abf,01,02
9ac8,01,02
9ad2,01,02
9ad3,01,02
9ad6,01,02,03
9adc,01,02
9ade,01,02
9adf,01,02
9ae5,01,02
9aee,01,02
9aef,01,02,03
9af1,01,02
9b06,01,02
9b12,01,02
9b18,01,02,03
9b1b,01,02
9b23,01,02
9b2c,01,02
9b2d,01,02,03,04
9b2e,01,02,03,04,05,06
9b32,01,02,03
9b35,01
9b3c,01,02
9b43,01,02
9b4b,01,02
9b4d,01,02,03
9b4f,01,02
9b51,01,02
9b54,01,02,03
9b58,01
9b65,01,02
9b75,01,02,03
9b79,01,02
9b83,01,02
9b84,01,02
9b8e,01,02,03
9b8f,01,02
9b91,01,02,03
9b92,01,02
9b93,01,02,03
9b97,01,02,03
9ba0,01,02
9ba8,01,02,03
9bab,01,02,03,04,05
9bac,01,02
9bad,01,02
9bae,01,02,03
9bb1,01,02,03
9bb9,01,02,03
9bbc,01,02
9bc1,01,02
9bc6,01
9bc9,01,02
9bce,01,02
9bd4,01,02
9bd6,01,02,03,04
9bdb,01,02,03,04
9be1,01,02,03
9be8,01,02
9beb,01,02
9bf0,01,02
9bf1,01,02,03,04,05
9bf2,01,02,03
9bf5,01,02
9bfd,01,02
9c00,01,02,03
9c04,01,02
9c08,01
9c0b,01,02
9c0c,01,02,03
9c10,01,02,03
9c19,01,02
9c1d,01,02
9c1f,01
9c21,01,02
9c22,01,02
9c24,01
9c26,01,02
9c27,01,02
9c2d,01,02
9c2f,01,02,03,04
9c30,01,02
9c31,01,02
9c39,01,02
9c3a,01,02
9c3b,01,02,03,04
9c41,01,02,03
9c48,01,02,03
9c4f,01,02
9c52,01,02,03,04
9c57,01,02,03,04,05
9c5d,01,02
9c60,01,02
9c74,01
9c76,01,02,03
9ce5,01,02
9ce6,01,02,03
9cfd,01
9d07,01,02,03
9d08,01,02,03
9d09,01,02,03,04
9d11,01,02
9d2a,01,02
9d2e,01
9d43,01,02
9d47,01,02
9d48,01,02,03
9d55,01
9d5c,01,02
9d60,01,02,03
9d65,01,02
9d69,01,02
9d6c,01,02,03
9d70,01,02
9d7c,01,02
9d84,01,02
9d93,01,02
9da1,01,02
9db2,01,02,03
9db4,01,02,03
9db7,01
9db8,01,02
9db9,01,02
9dbf,01,02,03,04,05
9dc0,01,02,03,04,05,06
9dc1,01,02,03
9dc2,01
9dc4,01,02
9dca,01,02
9dcf,01
9dd6,01,02
9dd7,01,02
9de0,01,02
9de3,01,02
9df0,01,02
9dfe,01,02
9e16,01,02
9e17,01
9e1b,01,02
9e80,01,02
9e81,01,02,03
9e8c,01,02
9e8e,01,02,03
9e97,01,02,03
9e9e,01,02
9e9f,01,02,03,04,05
9ea5,01
9ea8,01,02
9ea9,01,02
9eaa,01,02,03
9eac,01,02
9ead,01,02,03,04
9eae,01,02
9eaf,01,02
9eb0,01,02
9eba,01,02
9ebb,01,02,03
9ebc,01,02
9ebd,01,02
9ebe,01,02
9ebf,01,02,03
9ec2,01
9ec3,01,02
9ec4,01,02,03
9ec6,01,02,03,04
9ec8,01,02
9ecb,01,02,03
9ecc,01,02,03
9ece,01,02
9ed0,01,02
9ed4,01,02
9ed8,01,02
9ed9,01,02
9edb,01,02,03
9edc,01,02
9edd,01,02
9ede,01,02
9ee0,01,02
9ee5,01,02
9ee8,01,02
9eef,01,02,03
9ef3,01
9ef4,01,02
9ef7,01,02
9ef9,01,02,03
9efb,01,02
9efc,01,02
9efd,01,02
9f02,01,02
9f03,01,02
9f05,01
9f07,01,02,03
9f08,01,02,03,04,05,06,07
9f0f,01,02
9f10,01,02
9f12,01,02
9f15,01,02
9f16,01,02
9f1b,01,02,03
9f22,01,02
9f25,01
9f28,01
9f29,01
9f2c,01,02
9f2e,01
9f31,01,02,03
9f32,01,02
9f34,01,02
9f39,01,02
9f3a,01,02
9f3b,01,02,03
9f3e,01,02
9f4a,01,02,03
9f4b,01,02,03,04,05,06
9f4d,01
9f4e,01,02,03
9f4f,01,02
9f56,01,02
9f60,01,02
9f61,01,02
9f64,01
9f67,01,02,03,04
9f76,01,02
9f8d,01,02,03,04,05,06,07,08,09,0A,0B,0C,0D,0E
9f8e,01
9f8f,01,02,03,04
9f90,01,02,03
9f91,01,02
9f93,01,02
9f94,01,02
9f95,01,02
9f97,01,02,03,04,05
9f98,01
9f9a,01
9f9c,01,02,03,04,05,06,07,08,09
9f9d,01,02,03,04,05
9fa2,01,02
9fac,01
9fbd,01,02
9fc4,01,02
9fc6,01,02
fa0e,01,02
fa11,01,02,03,04
fa13,01,02
fa1f,01,02,03
fa24,01,02,03,04,05,06,07
fa27,01,02
20000,01,02
2000b,01,02,03
20041,01,02,03
20045,01,02
2004a,01
200a2,01,02
200b9,01
200e4,01
2010c,01
20122,01
2012c,01,02
2015e,01
201bb,01
201c3,01
201d9,01
201fe,01
20237,01
2024c,01
20255,01
2025b,01
20265,01
2026e,01
2027d,01
202a2,01
202a7,01
202ec,01
20318,01
2032b,01,02,03
203a7,01
203b9,01,02
203bf,01
203e8,01
203f9,01,02
203fc,01
20409,01,02,03
20457,01
2048c,01
20496,01
204ca,01
204ed,01
20509,01,02
20523,01
20525,01,02,03,04,05,06,07,08
20540,01
2054b,01,02
205ee,01
2062f,01
2065a,01,02
206a3,01
206c9,01
206e8,01
206ee,01
206f9,01
2070e,01
2071b,01
2075f,01
20807,01,02
2083a,01,02
2085e,01
2085f,01
20876,01
20886,01,02
20889,01
20895,01
208a7,01
208b9,01,02
208e5,01
20924,01
20984,01,02
20985,01
209e9,01
209ef,01,02
20a10,01
20a27,01
20a41,01
20a4a,01
20ad3,01,02
20ae4,01
20b4d,01
20b63,01
20b6f,01
20b93,01
20bb1,01
20bcc,01
20c50,01
20c74,01
20c98,01
20c9c,01
20d45,01,02
20d4a,01
20dae,01
20db7,01
20db8,01
20dd4,01
20de1,01,02
20df0,01
20e49,01
20edb,01
20fcb,01
20fd5,01
20fe0,01
2113b,01
21202,01
21274,01,02
21275,01
2128f,01
21299,01
212a5,01
212f3,01
2131b,01,02
21328,01
21369,01
2136e,01
21375,01
213c4,01,02
21424,01
2145e,01
2145f,01
2146d,01,02
214e4,01
21552,01
21556,01
21569,01
215b6,01
215d2,01
21606,01
21624,01
21641,01
21691,01
216b9,01
216cc,01
21706,01,02
21764,01
217b5,01
21800,01
21898,01
218ea,01
21969,01,02
2198c,01
219c8,01
219ec,01
219f1,01
219fd,01
21a0b,01,02
21a41,01
21a62,01
21a74,01
21aa2,01
21b33,01
21b36,01
21b4e,01
21b8e,01
21bce,01
21bed,01
21c12,01
21c31,01
21c52,01
21d15,01,02
21d43,01
21d58,01
21d5e,01
21d9c,01,02
21da1,01,02
21de4,01
21de5,01
21de6,01
21deb,01
21e62,01
21e99,01
21eac,01
21edf,01
21ee4,01
21f0e,01
21f19,01
21f44,01
21f76,01,02
21fd6,01
21fe7,01
21fe9,01
21feb,01
21fee,01,02
22029,01
22034,01
22037,01
2219f,01
221b0,01
221d4,01
22214,01
22218,01,02,03,04
2221c,01
2223b,01
22256,01
2228a,01
222ac,01
222e3,01
222ee,01
222f1,01
222ff,01
2231b,01
22325,01
22331,01,02
22341,01
223a6,01
223e4,01
22427,01
22437,01
22440,01
224ed,01
22501,01
22537,01
2254d,01
22552,01
2258f,01
225f2,01
22607,01
2264a,01
2264e,01
22672,01
22683,01
226d4,01
226f3,01,02
2276c,01
22790,01
227a1,01
227fa,01
22835,01
22841,01
22843,01
2285a,01
22886,01
22894,01
22904,01,02
22926,01
2295a,01,02
22985,01
229cc,01
22a25,01
22a37,01
22a38,01
22bf1,01
22c1d,01,02
22c72,01
22d23,01
22d3c,01
22d57,01
22d8a,01
22dd0,01
22e09,01
22e2d,01
22ee0,01
22eec,01
22f22,01
22f3b,01
22fcc,01
22fd8,01
22fd9,01
22fe0,01
2305d,01
230b0,01
230d4,01
230e0,01
23106,01
2311e,01
23122,01
2314d,01
23196,01
231b2,01
231b3,01
231b6,01,02
231bb,01
231c3,01,02
231f8,01
23211,01,02
2325e,01
232b8,01
232de,01
2335f,01
2336e,01
233b2,01
233b5,01
233be,01
233c3,01
233d2,01,02
233e0,01
23408,01
23440,01
2346d,01
234ab,01
234b0,01
234c9,01
234ce,01,02
234d6,01,02
23531,01
2355a,01,02
235ad,01
235c4,01,02,03,04
23617,01
23626,01
23638,01,02
2363a,01,02,03,04,05,06
236a3,01
236ad,01
2371c,01,02,03
23726,01
2373f,01,02
2374b,01
23763,01,02
23764,01,02,03
23780,01,02
237c2,01
237e7,01,02
237f3,01
2383d,01
238a7,01
238ae,01
238be,01
23969,01,02
23a63,01
23a74,01
23a8d,01
23afa,01
23bac,01
23baf,01
23c10,01
23c47,01
23c75,01,02
23ca8,01
23cee,01
23cf1,01
23cfe,01,02,03
23d0e,01,02,03
23d34,01,02
23d60,01
23d7d,01
23dba,01
23dd3,01,02,03
23df9,01,02,03
23dfa,01,02
23e06,01
23e32,01,02,03,04,05
23e35,01
23e65,01
23eac,01
23ecc,01
23f1b,01,02,03,04,05
23f61,01
24020,01
24080,01
240a3,01
24103,01,02
24138,01
24263,01
24285,01,02
242ee,01,02,03
242f1,01
243c1,01,02
244bc,01
24510,01
24514,01
24564,01
24568,01
2459b,01,02,03
24735,01
24736,01
24772,01
24811,01
24813,01
24816,01
2492f,01
2497b,01
249ba,01
249eb,01
24bc5,01
24c1e,01,02,03
24c6b,01
24c83,01,02
24cff,01
24d21,01
24d38,01
24e84,01
24f31,01
24f4c,01
24fa1,01
24fb4,01
25044,01
250f2,01
250f3,01
25102,01,02
25158,01
25185,01
25192,01
25220,01,02,03,04
2524c,01,02
2524f,01
254c9,01
25584,01
25607,01
25626,01
2562b,01
2562c,01
2562e,01
25630,01
2563d,01
25649,01
2564a,01
2564b,01
25651,01
2566b,01
2566e,01,02
25677,01,02
2567f,01,02
25683,01
2568a,01
25691,01
256a7,01
256b3,01
256c6,01,02
256d9,01
256dc,01
256df,01
256f2,01
256f6,01,02
25705,01
25712,01
2571a,01,02
25726,01
25727,01,02
25755,01
25778,01
257a9,01,02,03
257b4,01,02
257ce,01
25808,01
25835,01,02
25846,01
2585e,01
25865,01
2586a,01
25875,01
25877,01,02
258b8,01,02
258eb,01
259ad,01,02
259c4,01,02,03
25a2b,01
25aa7,01
25ad4,01
25ae1,01
25b15,01
25b5f,01
25bab,01
25bff,01
25c4b,01,02
25c7a,01
25c80,01
25cc9,01
25ccc,01
25ccd,01
25ccf,01
25da1,01,02
25e4f,01
25e9b,01
25e9d,01
25eb4,01
25ec2,01,02
25ed8,01,02
25ee7,01
25f6c,01
25f86,01
25f9e,01
25fdc,01
25fe9,01
26008,01
260a7,01
260c8,01
26140,01
2617b,01
261a2,01
261d7,01
261da,01
26222,01,02,03,04
26228,01
26247,01
26270,01
26273,01
2628b,01
262d9,01
263b1,01
263c1,01,02
263f9,01
26405,01
26407,01
26408,01,02
26409,01
26410,01
26439,01
26462,01
26489,01,02,03
264b3,01
264ef,01
26503,01
26518,01
26530,01
265a2,01
26626,01
26646,01
266a8,01
266af,01
2676b,01
267a7,01
26873,01
2688e,01
268aa,01
268ab,01
268bc,01
268fd,01
2691d,01
2693c,01
2695b,01
26973,01
26977,01
269e0,01
26a01,01
26aad,01
26af8,01
26b0a,01
26b14,01,02
26b19,01
26b1e,01
26b20,01,02
26b21,01
26b22,01
26b3a,01
26b73,01
26b74,01
26b75,01
26b8e,01
26ba0,01
26bcc,01
26bd5,01
26bdc,01
26c29,01,02,03,04
26c45,01
26c47,01
26c5a,01
26c64,01
26c73,01,02,03
26c8f,01,02,03
26cdd,01,02
26d09,01
26d61,01
26d65,01
26d80,01
26d85,01
26de5,01
26e11,01
26e40,01,02,03
26e47,01
26e65,01,02
26e7e,01
26eca,01
26f2c,01
26f2f,01,02
26f61,01
26f73,01,02
26f8f,01
26f94,01,02
26fb1,01
26fc1,01
26fc4,01
26fc5,01
26fd4,01
26ff6,01,02
26ff8,01,02
2702e,01
2702f,01
27037,01
27039,01
27088,01
270f0,01,02,03
270f4,01,02
2710d,01,02
27112,01
27139,01,02
27170,01,02
27171,01
27199,01
271d3,01,02
271d6,01
271dc,01
271fd,01
2722a,01
2729c,01
272b7,01
272dd,01
2730a,01
27354,01
27357,01
27369,01
273ca,01
273fe,01,02
27402,01
27525,01
27602,01
2760e,01
27611,01
27619,01
27667,01
27689,01
276d4,01
27701,01
27705,01
2770f,01
27741,01
27753,01
27771,01
277aa,01
277b8,01
277e4,01
277e8,01
27807,01,02
2783c,01
2789d,01
278bd,01
27966,01
279da,01
279fc,01
27a0f,01
27a6e,01
27a76,01
27a7b,01
27a7e,01
27a81,01
27aae,01
27ae2,01
27b27,01
27b2f,01
27b6e,01
27b87,01
27bbe,01,02
27bc6,01
27bcc,01
27bee,01
27bfe,01
27ca8,01
27d24,01
27d2a,01
27d4d,01
27d6d,01
27dce,01
27e19,01
27e3c,01
27e3d,01
27e79,01
27fa8,01
27fc0,01
2802e,01
28119,01
2818b,01
2836d,01
2838a,01
283ca,01
283f3,01
28432,01
2844d,01
28452,01
28453,01
28455,01,02
28464,01
28468,01
2846d,01
28482,01
28484,01
28489,01
2848c,01
284a6,01
284ab,01
284ad,01
284b0,01
284c5,01
284c9,01
284cd,01
284e4,01,02
284f1,01
284f5,01
284fd,01
28505,01
2851d,01
2851f,01
28527,01
2852b,01
2852c,01
2852f,01
28530,01
28546,01
28560,01
28563,01
28565,01
2856b,01,02,03
28582,01
28587,01
28588,01
2858a,01
285a3,01
285b6,01
285b9,01
285bb,01
285be,01
285bf,01
285c8,01,02
285c9,01,02,03,04
285e1,01
285ea,01
285ed,01
285f1,01
285f2,01
285f4,01
28622,01
28637,01
28642,01
28644,01,02
2864e,01
28655,01
28659,01,02
2865a,01,02
2865f,01,02
2874a,01
28763,01
2880b,01
28945,01
2898d,01
289dc,01
289ee,01
28a71,01,02,03
28a8b,01
28b4e,01
28b6a,01
28b92,01
28bef,01,02
28c0f,01
28c67,01
28cc1,01
28cdb,01
28cdd,01,02
28d02,01
28d7f,01
28d84,01
28dae,01
28e89,01,02
28f06,01,02
28f12,01
28f41,01
28fba,01
28fe4,01
29031,01
29093,01
2912e,01
2915e,01
2917e,01
291d5,01
291dc,01
291e3,01
2921a,01
2925e,01
29293,01
29356,01
29379,01
2941a,01
2941f,01
29420,01
29422,01
29427,01
2943f,01
2944e,01
294e8,01
29524,01
2953a,01
29548,01
295b6,01
29638,01
2965e,01
2967a,01
29682,01
29685,01
29688,01
29695,01
29696,01
296a9,01
296b9,01
296c6,01
296de,01
296e5,01,02
296fa,01
29701,01
29706,01
29708,01
2970b,01
2970f,01,02
29715,01
29717,01
29719,01,02,03
2972f,01,02
29734,01,02
29739,01
2973f,01
29759,01
2975d,01
29780,01
29783,01
2978d,01
2978f,01
29791,01
297a1,01
297a5,01
297a7,01
297ab,01,02
297ad,01,02
297b7,01
297c4,01
297cb,01
297f1,01
297fd,01
29854,01
29858,01
2985d,01
29879,01
29894,01
2989d,01
29900,01
29918,01
2994a,01
2998b,01
29a59,01
29ab7,01
29aef,01
29bba,01
29c13,01
29c7f,01
29d34,01
29d49,01
29d4b,01
29d87,01
29df8,01
29e3d,01,02,03,04
29e77,01
29e7a,01
29e8a,01,02,03
29edb,01,02
29ee0,01
29ee1,01
29ee4,01
29fc7,01
2a02f,01,02
2a04b,01
2a061,01
2a067,01
2a0c8,01,02
2a0f9,01,02
2a1f4,01
2a291,01
2a296,01
2a2a8,01
2a301,01
2a308,01
2a333,01
2a347,01
2a352,01
2a36a,01
2a392,01
2a3b0,01
2a472,01
2a502,01,02
2a504,01
2a508,01
2a50d,01
2a54d,01
2a564,01
2a56f,01
2a585,01
2a5c7,01
2a5cd,01
2a600,01
2a61a,01
2a691,01
2a695,01
2a696,01
2a699,01
2a6a5,01
2a6ac,01
2a746,01
2a813,01
2a9e8,01
2ab03,01
2ab87,01,02
2ac68,01
2ad03,01
2ad81,01
2ad89,01,02
2adc2,01
2af19,01
2afb2,01
2b003,01,02
2b048,01
2b0e0,01
2b0ef,01
2b1ff,01
2b20c,01
2b234,01
2b2fe,01
2b30f,01
2b344,01
2b3cf,01
2b468,01
2b4bc,01
2b4c6,01
2b52d,01
2b667,01
2b741,01,02
2b742,01,02
2b743,01
2b746,01,02,03,04
2b74c,01
2b751,01,02
2b754,01
2b755,01
2b75d,01
2b762,01,02,03,04
2b763,01,02
2b764,01
2b765,01,02,03
2b76f,01
2b776,01,02
2b777,01,02,03
2b778,01,02
2b780,01
2b789,01,02,03,04
2b78e,01,02,03,04,05
2b793,01,02,03,04,05,06
2b79c,01
2b79f,01
2b7aa,01
2b7b4,01,02
2b7b9,01,02
2b7c0,01
2b7c8,01,02
2b7cb,01,02
2b7cc,01
2b7cd,01
2b7cf,01,02
2b7d0,01
2b7d2,01,02,03,04,05
2b7d6,01,02
2b7d8,01,02
2b7d9,01
2b7e8,01
2b7ea,01,02
2b7ef,01
2b81d,01
2b930,01,02
2b97b,01
2b9e4,01,02,03
2bbf1,01
2bedb,01
2c0fe,01
2c155,01
2c737,01
2c73b,01,02,03
2c7d3,01
2cd6b,01
2cece,01
2ced0,01
2cedc,01
2cf18,01
2cf4c,01,02,03
2cf7a,01
2d020,01
2d028,01
2d048,01,02
2d06b,01
2d06f,01,02
2d077,01,02
2d0b2,01
2d0da,01
2d169,01
2d186,01
2d18f,01
2d199,01
2d1a2,01
2d1ab,01
2d239,01
2d260,01,02,03
2d2db,01
2d380,01
2d3db,01
2d423,01
2d433,01
2d445,01
2d455,01
2d4e9,01
2d4f1,01
2d5d5,01
2d63e,01
2d64c,01,02
2d698,01
2d6b6,01,02,03,04,05
2d6dd,01
2d710,01
2d72e,01
2d733,01
2d7be,01
2d7f1,01
2d805,01
2d886,01
2d916,01
2d918,01
2d967,01
2d997,01
2da99,01
2db4b,01
2db4e,01
2dc7d,01
2dc9e,01
2dcd3,01,02,03,04
2dcef,01
2dd44,01
2dd48,01
2debe,01,02
2df3d,01
2df41,01
2dff5,01
2e068,01
2e0ba,01
2e0ec,01
2e152,01
2e170,01
2e284,01
2e2ab,01
2e306,01
2e307,01
2e3b0,01,02
2e3c0,01
2e43c,01
2e4d9,01
2e4dc,01
2e509,01
2e5e8,01
2e789,01
2e7d0,01
2e9c0,01
2e9ca,01
2e9d3,01
2e9f0,01
2e9f2,01
2ea41,01,02
2eb71,01
2eb79,01